"RK",TIERS,"PLAYER NAME",TEAM,"POS","BYE WEEK","SOS SEASON","ECR VS. ADP"
"1",1,"Justin Jefferson",MIN,"WR1","13","3 out of 5 stars","0"
"2",1,"Ja'Marr Chase",CIN,"WR2","7","4 out of 5 stars","+1"
"3",1,"Christian McCaffrey",SF,"RB1","9","4 out of 5 stars","-1"
"4",1,"Tyreek Hill",MIA,"WR3","10","3 out of 5 stars","+3"
"5",1,"Cooper Kupp",LAR,"WR4","10","3 out of 5 stars","+1"
"6",2,"Travis Kelce",KC,"TE1","10","4 out of 5 stars","-1"
"7",2,"Austin Ekeler",LAC,"RB2","5","3 out of 5 stars","-3"
"8",2,"Stefon Diggs",BUF,"WR5","13","2 out of 5 stars","+2"
"9",2,"CeeDee Lamb",DAL,"WR6","7","2 out of 5 stars","+2"
"10",2,"Amon-Ra St. Brown",DET,"WR7","9","3 out of 5 stars","+8"
"11",2,"Saquon Barkley",NYG,"RB3","13","2 out of 5 stars","-3"
"12",2,"A.J. Brown",PHI,"WR8","10","3 out of 5 stars","+2"
"13",2,"Davante Adams",LV,"WR9","13","2 out of 5 stars","-1"
"14",3,"Bijan Robinson",ATL,"RB4","11","4 out of 5 stars","-5"
"15",3,"Garrett Wilson",NYJ,"WR10","7","3 out of 5 stars","+4"
"16",3,"Tony Pollard",DAL,"RB5","7","3 out of 5 stars","+1"
"17",3,"Nick Chubb",CLE,"RB6","5","3 out of 5 stars","-4"
"18",3,"Jaylen Waddle",MIA,"WR11","10","3 out of 5 stars","+6"
"19",3,"Chris Olave",NO,"WR12","11","4 out of 5 stars","+9"
"20",3,"Derrick Henry",TEN,"RB7","7","4 out of 5 stars","-4"
"21",4,"DeVonta Smith",PHI,"WR13","10","3 out of 5 stars","+4"
"22",4,"Jonathan Taylor",IND,"RB8","11","3 out of 5 stars","-2"
"23",4,"Josh Jacobs",LV,"RB9","13","3 out of 5 stars","-2"
"24",4,"Keenan Allen",LAC,"WR14","5","3 out of 5 stars","+19"
"25",4,"Patrick Mahomes II",KC,"QB1","10","3 out of 5 stars","-10"
"26",4,"Josh Allen",BUF,"QB2","13","3 out of 5 stars","-4"
"27",4,"Tee Higgins",CIN,"WR15","7","4 out of 5 stars","+3"
"28",4,"Jalen Hurts",PHI,"QB3","10","3 out of 5 stars","-5"
"29",4,"DK Metcalf",SEA,"WR16","5","3 out of 5 stars","+3"
"30",4,"Mark Andrews",BAL,"TE2","13","4 out of 5 stars","-4"
"31",4,"Rhamondre Stevenson",NE,"RB10","11","2 out of 5 stars","-2"
"32",4,"Joe Mixon",CIN,"RB11","7","3 out of 5 stars","+1"
"33",4,"Amari Cooper",CLE,"WR17","5","3 out of 5 stars","+8"
"34",4,"Najee Harris",PIT,"RB12","6","3 out of 5 stars","-7"
"35",4,"Calvin Ridley",JAC,"WR18","9","4 out of 5 stars","+5"
"36",5,"Jahmyr Gibbs",DET,"RB13","9","5 out of 5 stars","-2"
"37",5,"Travis Etienne Jr.",JAC,"RB14","9","2 out of 5 stars","-6"
"38",5,"Lamar Jackson",BAL,"QB4","13","3 out of 5 stars","-3"
"39",5,"DeAndre Hopkins",TEN,"WR19","7","3 out of 5 stars","+12"
"40",5,"Deebo Samuel",SF,"WR20","9","3 out of 5 stars","-2"
"41",5,"Aaron Jones",GB,"RB15","6","4 out of 5 stars","-2"
"42",5,"Chris Godwin",TB,"WR21","5","4 out of 5 stars","+27"
"43",5,"Jerry Jeudy",DEN,"WR22","9","2 out of 5 stars","+10"
"44",5,"Terry McLaurin",WAS,"WR23","14","3 out of 5 stars","+6"
"45",5,"Drake London",ATL,"WR24","11","4 out of 5 stars","+22"
"46",5,"DJ Moore",CHI,"WR25","13","3 out of 5 stars","+6"
"47",5,"Joe Burrow",CIN,"QB5","7","3 out of 5 stars","-11"
"48",5,"Christian Watson",GB,"WR26","6","3 out of 5 stars","+7"
"49",5,"Diontae Johnson",PIT,"WR27","6","3 out of 5 stars","+30"
"50",5,"T.J. Hockenson",MIN,"TE3","13","3 out of 5 stars","-8"
"51",5,"Justin Fields",CHI,"QB6","13","5 out of 5 stars","-7"
"52",6,"Breece Hall",NYJ,"RB16","7","3 out of 5 stars","-15"
"53",6,"Tyler Lockett",SEA,"WR28","5","3 out of 5 stars","+20"
"54",6,"Justin Herbert",LAC,"QB7","5","3 out of 5 stars","-8"
"55",6,"Mike Williams",LAC,"WR29","5","3 out of 5 stars","+3"
"56",6,"Brandon Aiyuk",SF,"WR30","9","3 out of 5 stars","+15"
"57",6,"Christian Kirk",JAC,"WR31","9","4 out of 5 stars","+19"
"58",6,"Michael Pittman Jr.",IND,"WR32","11","4 out of 5 stars","+22"
"59",6,"Marquise Brown",ARI,"WR33","14","3 out of 5 stars","+25"
"60",6,"Miles Sanders",CAR,"RB17","7","4 out of 5 stars","-12"
"61",6,"Kenneth Walker III",SEA,"RB18","5","2 out of 5 stars","-16"
"62",6,"Mike Evans",TB,"WR34","5","4 out of 5 stars","+10"
"63",6,"Alexander Mattison",MIN,"RB19","13","5 out of 5 stars","+3"
"64",6,"Dameon Pierce",HOU,"RB20","7","3 out of 5 stars","-17"
"65",6,"Trevor Lawrence",JAC,"QB8","9","3 out of 5 stars","-9"
"66",6,"J.K. Dobbins",BAL,"RB21","13","3 out of 5 stars","-1"
"67",6,"Darren Waller",NYG,"TE4","13","1 out of 5 stars","-13"
"68",6,"George Kittle",SF,"TE5","9","3 out of 5 stars","-19"
"69",6,"Cam Akers",LAR,"RB22","10","3 out of 5 stars","-8"
"70",6,"James Conner",ARI,"RB23","14","3 out of 5 stars","-8"
"71",7,"Rachaad White",TB,"RB24","5","3 out of 5 stars","-8"
"72",7,"Jahan Dotson",WAS,"WR35","14","3 out of 5 stars","+20"
"73",7,"Dallas Goedert",PHI,"TE6","10","2 out of 5 stars","-13"
"74",7,"Jordan Addison",MIN,"WR36","13","3 out of 5 stars","+17"
"75",7,"Kyle Pitts",ATL,"TE7","11","3 out of 5 stars","-16"
"76",7,"George Pickens",PIT,"WR37","6","3 out of 5 stars","+5"
"77",7,"Alvin Kamara",NO,"RB25","11","4 out of 5 stars","-20"
"78",7,"Jaxon Smith-Njigba",SEA,"WR38","5","3 out of 5 stars","+10"
"79",7,"Javonte Williams",DEN,"RB26","9","4 out of 5 stars","-5"
"80",7,"Brandin Cooks",DAL,"WR39","7","2 out of 5 stars","+14"
"81",7,"James Cook",BUF,"RB27","13","2 out of 5 stars","-3"
"82",7,"Treylon Burks",TEN,"WR40","7","3 out of 5 stars","+13"
"83",7,"David Montgomery",DET,"RB28","9","5 out of 5 stars","0"
"84",7,"Gabe Davis",BUF,"WR41","13","2 out of 5 stars","+20"
"85",7,"D'Andre Swift",PHI,"RB29","10","1 out of 5 stars","-17"
"86",7,"Courtland Sutton",DEN,"WR42","9","2 out of 5 stars","+17"
"87",7,"JuJu Smith-Schuster",NE,"WR43","11","2 out of 5 stars","+15"
"88",7,"Isiah Pacheco",KC,"RB30","10","4 out of 5 stars","-13"
"89",7,"Dalvin Cook",NYJ,"RB31","7","3 out of 5 stars","-25"
"90",7,"Deshaun Watson",CLE,"QB9","5","2 out of 5 stars","-20"
"91",7,"Michael Thomas",NO,"WR44","11","4 out of 5 stars","+5"
"92",7,"Elijah Moore",CLE,"WR45","5","3 out of 5 stars","+51"
"93",7,"Quentin Johnston",LAC,"WR46","5","3 out of 5 stars","+26"
"94",7,"Antonio Gibson",WAS,"RB32","14","3 out of 5 stars","+14"
"95",8,"Dak Prescott",DAL,"QB10","7","2 out of 5 stars","-10"
"96",8,"Zay Flowers",BAL,"WR47","13","3 out of 5 stars","+22"
"97",8,"Rashod Bateman",BAL,"WR48","13","3 out of 5 stars","+51"
"98",8,"Evan Engram",JAC,"TE8","9","2 out of 5 stars","-21"
"99",8,"Jakobi Meyers",LV,"WR49","13","2 out of 5 stars","+46"
"100",8,"Tua Tagovailoa",MIA,"QB11","10","2 out of 5 stars","-13"
"101",8,"Pat Freiermuth",PIT,"TE9","6","4 out of 5 stars","-8"
"102",8,"AJ Dillon",GB,"RB33","6","4 out of 5 stars","-13"
"103",8,"Khalil Herbert",CHI,"RB34","13","5 out of 5 stars","-3"
"104",8,"Daniel Jones",NYG,"QB12","13","1 out of 5 stars","+11"
"105",8,"Brian Robinson Jr.",WAS,"RB35","14","3 out of 5 stars","+1"
"106",8,"Kirk Cousins",MIN,"QB13","13","4 out of 5 stars","-5"
"107",8,"Geno Smith",SEA,"QB14","5","2 out of 5 stars","+9"
"108",8,"Kadarius Toney",KC,"WR50","10","2 out of 5 stars","+2"
"109",8,"Skyy Moore",KC,"WR51","10","2 out of 5 stars","+26"
"110",8,"David Njoku",CLE,"TE10","5","3 out of 5 stars","-28"
"111",8,"Samaje Perine",DEN,"RB36","9","4 out of 5 stars","+2"
"112",8,"Nico Collins",HOU,"WR52","7","4 out of 5 stars","+60"
"113",8,"Zach Charbonnet",SEA,"RB37","5","2 out of 5 stars","-2"
"114",8,"Aaron Rodgers",NYJ,"QB15","7","2 out of 5 stars","-15"
"115",8,"Jerick McKinnon",KC,"RB38","10","4 out of 5 stars","+5"
"116",8,"Jamaal Williams",NO,"RB39","11","4 out of 5 stars","-18"
"117",8,"Anthony Richardson",IND,"QB16","11","4 out of 5 stars","-3"
"118",8,"Allen Lazard",NYJ,"WR53","7","3 out of 5 stars","+21"
"119",8,"Rondale Moore",ARI,"WR54","14","3 out of 5 stars","+51"
"120",8,"Rashaad Penny",PHI,"RB40","10","1 out of 5 stars","+7"
"121",8,"Jared Goff",DET,"QB17","9","4 out of 5 stars","+10"
"122",8,"Tyler Boyd",CIN,"WR55","7","4 out of 5 stars","+29"
"123",8,"Dalton Schultz",HOU,"TE11","7","3 out of 5 stars","-11"
"124",8,"Darnell Mooney",CHI,"WR56","13","3 out of 5 stars","+39"
"125",9,"Russell Wilson",DEN,"QB18","9","4 out of 5 stars","+12"
"126",9,"Zay Jones",JAC,"WR57","9","4 out of 5 stars","+43"
"127",9,"Tyler Higbee",LAR,"TE12","10","2 out of 5 stars","+9"
"128",9,"Damien Harris",BUF,"RB41","13","2 out of 5 stars","+31"
"129",9,"Romeo Doubs",GB,"WR58","6","3 out of 5 stars","+42"
"130",9,"De'Von Achane",MIA,"RB42","10","1 out of 5 stars","-2"
"131",9,"Odell Beckham Jr.",BAL,"WR59","13","3 out of 5 stars","-34"
"132",9,"Adam Thielen",CAR,"WR60","7","4 out of 5 stars","0"
"133",9,"Chigoziem Okonkwo",TEN,"TE13","7","3 out of 5 stars","+11"
"134",9,"Jameson Williams",DET,"WR61","9","3 out of 5 stars","+8"
"135",9,"Elijah Mitchell",SF,"RB43","9","4 out of 5 stars","+6"
"136",9,"Raheem Mostert",MIA,"RB44","10","1 out of 5 stars","+14"
"137",9,"Jeff Wilson Jr.",MIA,"RB45","10","1 out of 5 stars","+12"
"138",9,"Cole Kmet",CHI,"TE14","13","4 out of 5 stars","-16"
"139",9,"Greg Dulcich",DEN,"TE15","9","4 out of 5 stars","+13"
"140",9,"Michael Gallup",DAL,"WR62","7","2 out of 5 stars","+42"
"141",9,"Devin Singletary",HOU,"RB46","7","3 out of 5 stars","+6"
"142",9,"Jaylen Warren",PIT,"RB47","6","3 out of 5 stars","+32"
"143",9,"Tyler Allgeier",ATL,"RB48","11","4 out of 5 stars","+12"
"144",9,"DJ Chark Jr.",CAR,"WR63","7","4 out of 5 stars","+37"
"145",9,"Gerald Everett",LAC,"TE16","5","4 out of 5 stars","+9"
"146",9,"Matthew Stafford",LAR,"QB19","10","2 out of 5 stars","+16"
"147",9,"Derek Carr",NO,"QB20","11","5 out of 5 stars","+11"
"148",9,"Kenneth Gainwell",PHI,"RB49","10","1 out of 5 stars","+37"
"149",9,"Donovan Peoples-Jones",CLE,"WR64","5","3 out of 5 stars","+66"
"150",9,"Dalton Kincaid",BUF,"TE17","13","3 out of 5 stars","-26"
"151",9,"Kenny Pickett",PIT,"QB21","6","2 out of 5 stars","+15"
"152",9,"K.J. Osborn",MIN,"WR65","13","3 out of 5 stars","+25"
"153",9,"Ezekiel Elliott",NE,"RB50","11","2 out of 5 stars","-7"
"154",10,"Hunter Renfrow",LV,"WR66","13","2 out of 5 stars","+66"
"155",10,"Jordan Love",GB,"QB22","6","5 out of 5 stars","+25"
"156",10,"Alec Pierce",IND,"WR67","11","4 out of 5 stars","+82"
"157",10,"Isaiah Hodgins",NYG,"WR68","13","3 out of 5 stars","+92"
"158",10,"Tank Bigsby",JAC,"RB51","9","2 out of 5 stars","+17"
"159",10,"Curtis Samuel",WAS,"WR69","14","3 out of 5 stars","+80"
"160",10,"Rashid Shaheed",NO,"WR70","11","4 out of 5 stars","+98"
"161",10,"San Francisco 49ers",SF,"DST1","9","1 out of 5 stars","-75"
"162",10,"Juwan Johnson",NO,"TE18","11","5 out of 5 stars","-1"
"163",10,"Brock Purdy",SF,"QB23","9","3 out of 5 stars","+5"
"164",10,"Van Jefferson",LAR,"WR71","10","3 out of 5 stars","+90"
"165",10,"Kendre Miller",NO,"RB52","11","4 out of 5 stars","+25"
"166",10,"D'Onta Foreman",CHI,"RB53","13","5 out of 5 stars","+13"
"167",10,"Dallas Cowboys",DAL,"DST2","7","2 out of 5 stars","-50"
"168",10,"Jonathan Mingo",CAR,"WR72","7","4 out of 5 stars","+44"
"169",10,"Bryce Young",CAR,"QB24","7","4 out of 5 stars","-2"
"170",10,"Darius Slayton",NYG,"WR73","13","3 out of 5 stars","+95"
"171",10,"Justin Tucker",BAL,"K1","13","5 out of 5 stars","-81"
"172",10,"Sam LaPorta",DET,"TE19","9","3 out of 5 stars","-8"
"173",10,"Philadelphia Eagles",PHI,"DST3","10","2 out of 5 stars","-66"
"174",10,"Marquez Valdes-Scantling",KC,"WR74","10","2 out of 5 stars","+25"
"175",10,"Buffalo Bills",BUF,"DST4","13","1 out of 5 stars","-70"
"176",10,"Kyler Murray",ARI,"QB25","14","2 out of 5 stars","0"
"177",10,"Robert Woods",HOU,"WR75","7","4 out of 5 stars","+87"
"178",10,"Tyler Bass",BUF,"K2","13","4 out of 5 stars","-53"
"179",10,"Irv Smith Jr.",CIN,"TE20","7","4 out of 5 stars","+27"
"180",10,"Roschon Johnson",CHI,"RB54","13","5 out of 5 stars","+42"
"181",10,"Parris Campbell",NYG,"WR76","13","3 out of 5 stars","+33"
"182",10,"Chase Claypool",CHI,"WR77","13","3 out of 5 stars","+51"
"183",10,"John Metchie III",HOU,"WR78","7","4 out of 5 stars","+52"
"184",10,"DeVante Parker",NE,"WR79","11","2 out of 5 stars","+76"
"185",10,"Chuba Hubbard",CAR,"RB55","7","4 out of 5 stars","+42"
"186",10,"Hayden Hurst",CAR,"TE21","7","3 out of 5 stars","+33"
"187",10,"Ryan Tannehill",TEN,"QB26","7","4 out of 5 stars","+56"
"188",10,"Jayden Reed",GB,"WR80","6","3 out of 5 stars","+62"
"189",10,"Wan'Dale Robinson",NYG,"WR81","13","3 out of 5 stars","+94"
"190",10,"New England Patriots",NE,"DST5","11","2 out of 5 stars","-69"
"191",10,"Harrison Butker",KC,"K3","10","5 out of 5 stars","-61"
"192",10,"Rashee Rice",KC,"WR82","10","2 out of 5 stars","-1"
"193",10,"Joshua Palmer",LAC,"WR83","5","3 out of 5 stars","+101"
"194",10,"New York Jets",NYJ,"DST6","7","2 out of 5 stars","-71"
"195",10,"Marvin Mims Jr.",DEN,"WR84","9","2 out of 5 stars","+58"
"196",10,"Evan McPherson",CIN,"K4","7","0 out of 5 stars","-70"
"197",10,"Daniel Carlson",LV,"K5","13","2 out of 5 stars","-88"
"198",11,"Baltimore Ravens",BAL,"DST7","13","3 out of 5 stars","-69"
"199",11,"Jerome Ford",CLE,"RB56","5","3 out of 5 stars","+43"
"200",11,"Allen Robinson II",PIT,"WR85","6","3 out of 5 stars","+108"
"201",11,"Sam Howell",WAS,"QB27","14","1 out of 5 stars","+20"
"202",11,"Clyde Edwards-Helaire",KC,"RB57","10","4 out of 5 stars","+2"
"203",11,"Denver Broncos",DEN,"DST8","9","2 out of 5 stars","-9"
"204",11,"Gus Edwards",BAL,"RB58","13","3 out of 5 stars","+5"
"205",11,"Dawson Knox",BUF,"TE22","13","3 out of 5 stars","-18"
"206",11,"Trey McBride",ARI,"TE23","14","2 out of 5 stars","+97"
"207",11,"Hunter Henry",NE,"TE24","11","2 out of 5 stars","+17"
"208",11,"Jalin Hyatt",NYG,"WR86","13","3 out of 5 stars","-43"
"209",11,"Mecole Hardman Jr.",NYJ,"WR87","7","3 out of 5 stars","+57"
"210",11,"Mike Gesicki",NE,"TE25","11","2 out of 5 stars","-24"
"211",11,"Cordarrelle Patterson",ATL,"RB59","11","4 out of 5 stars","-23"
"212",11,"Kansas City Chiefs",KC,"DST9","10","2 out of 5 stars","-59"
"213",11,"Zamir White",LV,"RB60","13","3 out of 5 stars","+24"
"214",11,"C.J. Stroud",HOU,"QB28","7","3 out of 5 stars","-21"
"215",11,"Jimmy Garoppolo",LV,"QB29","13","4 out of 5 stars","-2"
"216",11,"New Orleans Saints",NO,"DST10","11","4 out of 5 stars","-60"
"217",11,"Corey Davis",NYJ,"WR88","7","3 out of 5 stars","+153"
"218",11,"Tyquan Thornton",NE,"WR89","11","2 out of 5 stars","+114"
"219",11,"Mac Jones",NE,"QB30","11","2 out of 5 stars","+10"
"220",11,"Pittsburgh Steelers",PIT,"DST11","6","4 out of 5 stars","-80"
"221",11,"Josh Downs",IND,"WR90","11","4 out of 5 stars","+52"
"222",11,"Younghoe Koo",ATL,"K6","11","4 out of 5 stars","-89"
"223",11,"Jason Sanders",MIA,"K7","10","2 out of 5 stars","-12"
"224",11,"Miami Dolphins",MIA,"DST12","10","3 out of 5 stars","-86"
"225",11,"Cincinnati Bengals",CIN,"DST13","7","4 out of 5 stars","-47"
"226",11,"Tyjae Spears",TEN,"RB61","7","4 out of 5 stars","+5"
"227",11,"Noah Fant",SEA,"TE26","5","2 out of 5 stars","+21"
"228",11,"Terrace Marshall Jr.",CAR,"WR91","7","4 out of 5 stars","+73"
"229",11,"Leonard Fournette",FA,"RB62","-","-","-37"
"230",11,"Brandon McManus",JAC,"K8","9","2 out of 5 stars","-46"
"231",11,"Joshua Kelley",LAC,"RB63","5","3 out of 5 stars","+32"
"232",11,"Jake Elliott",PHI,"K9","10","2 out of 5 stars","-72"
"233",11,"Michael Carter",NYJ,"RB64","7","3 out of 5 stars","+13"
"234",11,"Tampa Bay Buccaneers",TB,"DST14","5","4 out of 5 stars","+7"
"235",11,"Jason Myers",SEA,"K10","5","2 out of 5 stars","-101"
"236",11,"Zach Ertz",ARI,"TE27","14","2 out of 5 stars","-40"
"237",11,"Washington Commanders",WAS,"DST15","14","3 out of 5 stars","-36"
"238",11,"Cleveland Browns",CLE,"DST16","5","5 out of 5 stars","-28"
"239",11,"Kareem Hunt",FA,"RB65","-","-","-34"
"240",11,"Desmond Ridder",ATL,"QB31","11","4 out of 5 stars","+42"
"241",11,"Khalil Shakir",BUF,"WR92","13","2 out of 5 stars","+83"
"242",12,"Green Bay Packers",GB,"DST17","6","2 out of 5 stars","-69"
"243",12,"Mack Hollins",ATL,"WR93","11","4 out of 5 stars","+92"
"244",12,"Los Angeles Chargers",LAC,"DST18","5","2 out of 5 stars","-12"
"245",12,"Matt Gay",IND,"K11","11","4 out of 5 stars","-56"
"246",12,"Michael Mayer",LV,"TE28","13","5 out of 5 stars","-46"
"247",12,"Chase Edmonds",TB,"RB66","5","3 out of 5 stars","+24"
"248",12,"Marvin Jones Jr.",DET,"WR94","9","3 out of 5 stars","+50"
"249",12,"Richie James Jr.",KC,"WR95","10","2 out of 5 stars","+37"
"250",12,"Tank Dell",HOU,"WR96","7","4 out of 5 stars","-43"
"251",12,"Graham Gano",NYG,"K12","13","0 out of 5 stars","-94"
"252",12,"Josh Reynolds",DET,"WR97","9","3 out of 5 stars","-"
"253",12,"Sterling Shepard",NYG,"WR98","13","3 out of 5 stars","+128"
"254",12,"Greg Joseph",MIN,"K13","13","1 out of 5 stars","-20"
"255",12,"Russell Gage",TB,"WR99","5","4 out of 5 stars","-"
"256",12,"Taysom Hill",NO,"TE29","11","5 out of 5 stars","-59"
"257",12,"Nick Folk",NE,"K14","11","2 out of 5 stars","-39"
"258",12,"Indianapolis Colts",IND,"DST19","11","3 out of 5 stars","+14"
"259",12,"Greg Zuerlein",NYJ,"K15","7","4 out of 5 stars","-57"
"260",12,"Cade Otton",TB,"TE30","5","2 out of 5 stars","+35"
"261",12,"Kendrick Bourne",NE,"WR100","11","2 out of 5 stars","-"
"262",12,"Jacksonville Jaguars",JAC,"DST20","9","5 out of 5 stars","-64"
"263",12,"Jake Ferguson",DAL,"TE31","7","3 out of 5 stars","-40"
"264",12,"Jelani Woods",IND,"TE32","11","3 out of 5 stars","+47"
"265",12,"Chase Brown",CIN,"RB67","7","3 out of 5 stars","-20"
"266",12,"Baker Mayfield",TB,"QB32","5","3 out of 5 stars","-7"
"267",12,"Wil Lutz",NO,"K16","11","5 out of 5 stars","-20"
"268",12,"Isaiah Likely",BAL,"TE33","13","4 out of 5 stars","+7"
"269",12,"Logan Thomas",WAS,"TE34","14","3 out of 5 stars","+50"
"270",12,"Pierre Strong Jr.",NE,"RB68","11","2 out of 5 stars","+32"
"271",12,"Zach Evans",LAR,"RB69","10","3 out of 5 stars","+8"
"272",12,"Isaiah McKenzie",IND,"WR101","11","4 out of 5 stars","+89"
"273",12,"Tyler Conklin",NYJ,"TE35","7","3 out of 5 stars","-47"
"274",12,"Kyren Williams",LAR,"RB70","10","3 out of 5 stars","+11"
"275",12,"Luke Musgrave",GB,"TE36","6","4 out of 5 stars","-59"
"276",12,"Matt Prater",ARI,"K17","14","2 out of 5 stars","-2"
"277",12,"Quez Watkins",PHI,"WR102","10","3 out of 5 stars","+79"
"278",12,"Los Angeles Rams",LAR,"DST21","10","3 out of 5 stars","-22"
"279",12,"Carolina Panthers",CAR,"DST22","7","3 out of 5 stars","-43"
"280",12,"Laviska Shenault Jr.",CAR,"WR103","7","4 out of 5 stars","-"
"281",12,"Puka Nacua",LAR,"WR104","10","3 out of 5 stars","+40"
"282",12,"Cedric Tillman",CLE,"WR105","5","3 out of 5 stars","+51"
"283",12,"Chris Boswell",PIT,"K18","6","4 out of 5 stars","-39"
"284",12,"Ty Chandler",MIN,"RB71","13","5 out of 5 stars","-27"
"285",12,"Isaiah Spiller",LAC,"RB72","5","3 out of 5 stars","+78"
"286",12,"Seattle Seahawks",SEA,"DST23","5","2 out of 5 stars","-91"
"287",12,"Riley Patterson",DET,"K19","9","1 out of 5 stars","-36"
"288",12,"Braxton Berrios",MIA,"WR106","10","3 out of 5 stars","-"
"289",12,"New York Giants",NYG,"DST24","13","3 out of 5 stars","-64"
"290",12,"Dustin Hopkins",LAC,"K20","5","4 out of 5 stars","+36"
"291",13,"Jake Moody",SF,"K21","9","2 out of 5 stars","-83"
"292",13,"Israel Abanikanda",NYJ,"RB73","7","3 out of 5 stars","+7"
"293",13,"Tennessee Titans",TEN,"DST25","7","5 out of 5 stars","-24"
"294",13,"Deuce Vaughn",DAL,"RB74","7","3 out of 5 stars","-111"
"295",13,"Nick Westbrook-Ikhine",TEN,"WR107","7","3 out of 5 stars","-"
"296",13,"Michael Wilson",ARI,"WR108","14","3 out of 5 stars","+9"
"297",13,"Zack Moss",IND,"RB75","11","3 out of 5 stars","-19"
"298",13,"Devin Duvernay",BAL,"WR109","13","3 out of 5 stars","+126"
"299",13,"Latavius Murray",BUF,"RB76","13","2 out of 5 stars","-18"
"300",13,"Cairo Santos",CHI,"K22","13","5 out of 5 stars","-10"
"301",13,"Matt Breida",NYG,"RB77","13","2 out of 5 stars","+43"
"302",13,"Keaontay Ingram",ARI,"RB78","14","3 out of 5 stars","+29"
"303",13,"Ka'imi Fairbairn",HOU,"K23","7","5 out of 5 stars","-10"
"304",13,"Justyn Ross",KC,"WR110","10","2 out of 5 stars","-87"
"305",13,"Jordan Mason",SF,"RB79","9","4 out of 5 stars","+41"
"306",13,"Detroit Lions",DET,"DST26","9","3 out of 5 stars","-76"
"307",13,"D'Ernest Johnson",JAC,"RB80","9","2 out of 5 stars","+34"
"308",13,"Kayshon Boutte",NE,"WR111","11","2 out of 5 stars","+168"
"309",13,"Evan Hull",IND,"RB81","11","3 out of 5 stars","-25"
"310",13,"JaMycal Hasty",JAC,"RB82","9","2 out of 5 stars","-"
"311",13,"James Robinson",NYG,"RB83","13","2 out of 5 stars","+17"
"312",13,"Malik Davis",DAL,"RB84","7","3 out of 5 stars","+4"
"313",13,"David Bell",CLE,"WR112","5","3 out of 5 stars","+193"
"314",13,"DeWayne McBride",MIN,"RB85","13","5 out of 5 stars","-18"
"315",13,"Greg Dortch",ARI,"WR113","14","3 out of 5 stars","+34"
"316",13,"Trey Lance",SF,"QB33","9","3 out of 5 stars","-40"
"317",13,"Zonovan Knight",NYJ,"RB86","7","3 out of 5 stars","-"
"318",13,"Austin Hooper",LV,"TE37","13","5 out of 5 stars","-"
"319",13,"Daniel Bellinger",NYG,"TE38","13","1 out of 5 stars","+38"
"320",13,"Boston Scott",PHI,"RB87","10","1 out of 5 stars","+14"
"321",13,"Chris Evans",CIN,"RB88","7","3 out of 5 stars","+38"
"322",13,"Sean Tucker",TB,"RB89","5","3 out of 5 stars","-"
"323",13,"Michael Badgley",WAS,"K24","14","4 out of 5 stars","-53"
"324",13,"Brett Maher",DEN,"K25","9","2 out of 5 stars","-69"
"325",13,"Minnesota Vikings",MIN,"DST27","13","2 out of 5 stars","-85"
"326",13,"Tutu Atwell",LAR,"WR114","10","3 out of 5 stars","-"
"327",13,"Nelson Agholor",BAL,"WR115","13","3 out of 5 stars","+226"
"328",13,"Kyle Philips",TEN,"WR116","7","3 out of 5 stars","+202"
"329",13,"Jacoby Brissett",WAS,"QB34","14","1 out of 5 stars","-"
"330",13,"Robbie Gould",FA,"K26","-","-","+7"
"331",13,"Cade York",CLE,"K27","5","3 out of 5 stars","-70"
"332",13,"Ronald Jones II",DAL,"RB90","7","3 out of 5 stars","-"
"333",13,"Robbie Chosen",MIA,"WR117","10","3 out of 5 stars","+89"
"334",13,"Hassan Haskins",TEN,"RB91","7","4 out of 5 stars","-"
"335",13,"Tyrion Davis-Price",SF,"RB92","9","4 out of 5 stars","-"
"336",13,"Ryan Succop",FA,"K28","-","-","+150"
"337",13,"Deonte Harty",BUF,"WR118","13","2 out of 5 stars","+76"
"338",13,"Cameron Dicker",LAC,"K29","5","4 out of 5 stars","-135"
"339",13,"Eric Gray",NYG,"RB93","13","2 out of 5 stars","+4"
"340",13,"Melvin Gordon III",BAL,"RB94","13","3 out of 5 stars","-27"
"341",13,"Will Levis",TEN,"QB35","7","4 out of 5 stars","+180"
"342",13,"Trayveon Williams",CIN,"RB95","7","3 out of 5 stars","-"
"343",13,"Deon Jackson",IND,"RB96","11","3 out of 5 stars","-51"
"344",13,"KJ Hamler",FA,"WR119","-","-","-"
"345",14,"Robert Tonyan",CHI,"TE39","13","4 out of 5 stars","-25"
"346",14,"Luke Schoonmaker",DAL,"TE40","7","3 out of 5 stars","-42"
"347",14,"DeeJay Dallas",SEA,"RB97","5","2 out of 5 stars","-"
"348",14,"Jonnu Smith",ATL,"TE41","11","3 out of 5 stars","+153"
"349",14,"Jauan Jennings",SF,"WR120","9","3 out of 5 stars","+30"
"350",14,"Albert Okwuegbunam",DEN,"TE42","9","4 out of 5 stars","+169"
"351",14,"Ben Skowronek",LAR,"WR121","10","3 out of 5 stars","-"
"352",14,"Eddy Pineiro",CAR,"K30","7","3 out of 5 stars","-124"
"353",14,"Colt McCoy",ARI,"QB36","14","2 out of 5 stars","-"
"354",14,"Kyle Trask",TB,"QB37","5","3 out of 5 stars","-"
"355",14,"Noah Brown",HOU,"WR122","7","4 out of 5 stars","-"
"356",14,"Jamison Crowder",NYG,"WR123","13","3 out of 5 stars","-"
"357",14,"Adam Trautman",DEN,"TE43","9","4 out of 5 stars","+112"
"358",14,"Xavier Hutchinson",HOU,"WR124","7","4 out of 5 stars","+114"
"359",14,"Foster Moreau",NO,"TE44","11","5 out of 5 stars","-"
"360",14,"A.T. Perry",NO,"WR125","11","4 out of 5 stars","+103"
"361",14,"Kenyan Drake",IND,"RB98","11","3 out of 5 stars","-"
"362",14,"Salvon Ahmed",MIA,"RB99","10","1 out of 5 stars","-"
"363",14,"Rodrigo Blankenship",TB,"K31","5","2 out of 5 stars","-18"
"364",14,"Myles Gaskin",MIA,"RB100","10","1 out of 5 stars","+152"
"365",14,"Mason Crosby",FA,"K32","-","-","-26"
"366",14,"Tyler Scott",CHI,"WR126","13","3 out of 5 stars","+137"
"367",14,"Arizona Cardinals",ARI,"DST28","14","4 out of 5 stars","-90"
"368",14,"Darnell Washington",PIT,"TE45","6","4 out of 5 stars","-101"
"369",14,"Olamide Zaccheaus",PHI,"WR127","10","3 out of 5 stars","+29"
"370",14,"Kalif Raymond",DET,"WR128","9","3 out of 5 stars","+71"
"371",14,"Calvin Austin III",PIT,"WR129","6","3 out of 5 stars","-62"
"372",14,"Marquez Callaway",DEN,"WR130","9","2 out of 5 stars","-"
"373",14,"Jarvis Landry",FA,"WR131","-","-","-"
"374",14,"Deneric Prince",KC,"RB101","10","4 out of 5 stars","-52"
"375",14,"Gardner Minshew II",IND,"QB38","11","4 out of 5 stars","+148"
"376",14,"Ke'Shawn Vaughn",TB,"RB102","5","3 out of 5 stars","-"
"377",14,"Trent Sherfield",BUF,"WR132","13","2 out of 5 stars","-"
"378",14,"Cedrick Wilson Jr.",MIA,"WR133","10","3 out of 5 stars","+53"
"379",14,"Tucker Kraft",GB,"TE46","6","4 out of 5 stars","-32"
"380",14,"Ameer Abdullah",LV,"RB103","13","3 out of 5 stars","-"
"381",14,"Will Dissly",SEA,"TE47","5","2 out of 5 stars","-33"
"382",14,"Sam Darnold",SF,"QB39","9","3 out of 5 stars","-"
"383",14,"Tristan Vizcaino",FA,"K33","-","-","-54"
"384",14,"Jalen Tolbert",DAL,"WR134","7","2 out of 5 stars","+22"
"385",14,"Noah Gray",KC,"TE48","10","4 out of 5 stars","-67"
"386",14,"Raheem Blackshear",CAR,"RB104","7","4 out of 5 stars","-"
"387",14,"Kenny McIntosh",SEA,"RB105","5","2 out of 5 stars","+162"
"388",14,"J.D. McKissic",FA,"RB106","-","-","-"
"389",14,"Donald Parham Jr.",LAC,"TE49","5","4 out of 5 stars","+69"
"390",14,"Chris Moore",TEN,"WR135","7","3 out of 5 stars","-"
"391",14,"Ty Montgomery",NE,"RB107","11","2 out of 5 stars","-"
"392",14,"Randall Cobb",NYJ,"WR136","7","3 out of 5 stars","-54"
"393",14,"Chris Rodriguez Jr.",WAS,"RB108","14","3 out of 5 stars","-"
"394",14,"Trey Palmer",TB,"WR137","5","4 out of 5 stars","-1"
"395",14,"Durham Smythe",MIA,"TE50","10","2 out of 5 stars","-37"
"396",14,"Julio Jones",FA,"WR138","-","-","+8"
"397",14,"Demarcus Robinson",LAR,"WR139","10","3 out of 5 stars","-"
"398",14,"Kene Nwangwu",MIN,"RB109","13","5 out of 5 stars","-"
"399",14,"Houston Texans",HOU,"DST29","7","3 out of 5 stars","-111"
"400",14,"Demario Douglas",NE,"WR140","11","2 out of 5 stars","+19"
"401",14,"Brandon Aubrey",DAL,"K34","7","3 out of 5 stars","-101"
"402",14,"Atlanta Falcons",ATL,"DST30","11","5 out of 5 stars","-122"
"403",14,"Chicago Bears",CHI,"DST31","13","1 out of 5 stars","-151"
"404",14,"Chad Ryland",NE,"K35","11","2 out of 5 stars","-117"
"405",14,"C.J. Uzomah",NYJ,"TE51","7","3 out of 5 stars","-53"
"406",15,"Justin Watson",KC,"WR141","10","2 out of 5 stars","+19"
"407",15,"Taylor Heinicke",ATL,"QB40","11","4 out of 5 stars","-"
"408",15,"Brevin Jordan",HOU,"TE52","7","3 out of 5 stars","-"
"409",15,"Dyami Brown",WAS,"WR142","14","3 out of 5 stars","+136"
"410",15,"Jamal Agnew",JAC,"WR143","9","4 out of 5 stars","-"
"411",15,"Harrison Bryant",CLE,"TE53","5","3 out of 5 stars","+63"
"412",15,"Jameis Winston",NO,"QB41","11","5 out of 5 stars","-21"
"413",15,"Darrell Henderson Jr.",FA,"RB110","-","-","-"
"414",15,"Cole Turner",WAS,"TE54","14","3 out of 5 stars","+104"
"415",15,"Dontrell Hilliard",FA,"RB111","-","-","-48"
"416",15,"Darrel Williams",NO,"RB112","11","4 out of 5 stars","-"
"417",15,"Kevin Harris",NE,"RB113","11","2 out of 5 stars","-"
"418",15,"Mo Alie-Cox",IND,"TE55","11","3 out of 5 stars","+79"
"419",15,"Denzel Mims",DET,"WR144","9","3 out of 5 stars","+136"
"420",15,"Rico Dowdle",DAL,"RB114","7","3 out of 5 stars","-"
"421",15,"Justice Hill",BAL,"RB115","13","3 out of 5 stars","+41"
"422",15,"Samori Toure",GB,"WR145","6","3 out of 5 stars","+39"
"423",15,"Joey Slye",WAS,"K36","14","4 out of 5 stars","-96"
"424",15,"Bailey Zappe",NE,"QB42","11","2 out of 5 stars","-17"
"425",15,"Chase McLaughlin",TB,"K37","5","2 out of 5 stars","-157"
"426",15,"Charlie Jones",CIN,"WR146","7","4 out of 5 stars","-15"
"427",15,"Corey Clement",ARI,"RB116","14","3 out of 5 stars","-"
"428",15,"Anders Carlson",GB,"K38","6","5 out of 5 stars","-131"
"429",15,"Scott Miller",ATL,"WR147","11","4 out of 5 stars","+118"
"430",15,"Parker Washington",JAC,"WR148","9","4 out of 5 stars","-"
"431",15,"Trenton Irwin",CIN,"WR149","7","4 out of 5 stars","-57"
"432",15,"Mike White",MIA,"QB43","10","2 out of 5 stars","-17"
"433",15,"Tanner Brown",LAR,"K39","10","0 out of 5 stars","-93"
"434",15,"Kylen Granson",IND,"TE56","11","3 out of 5 stars","-"
"435",15,"Dontayvion Wicks",GB,"WR150","6","3 out of 5 stars","+46"
"436",15,"Craig Reynolds",DET,"RB117","9","5 out of 5 stars","-"
"437",15,"DeAndre Carter",LV,"WR151","13","2 out of 5 stars","-"
"438",15,"Zach Pascal",ARI,"WR152","14","3 out of 5 stars","-"
"439",15,"Clayton Tune",ARI,"QB44","14","2 out of 5 stars","-"
"440",15,"Kenny Golladay",FA,"WR153","-","-","-"
"441",15,"Tyler Davis",FA,"K40","-","-","-"
"442",15,"Jordan Akins",CLE,"TE57","5","3 out of 5 stars","+115"
"443",15,"Keaton Mitchell",BAL,"RB118","13","3 out of 5 stars","+121"
"444",15,"Ty Johnson",FA,"RB119","-","-","-"
"445",15,"Andrei Iosivas",CIN,"WR154","7","4 out of 5 stars","-"
"446",15,"Brenton Strange",JAC,"TE58","9","2 out of 5 stars","+43"
"447",15,"Jalen Nailor",MIN,"WR155","13","3 out of 5 stars","-"
"448",15,"Justin Shorter",BUF,"WR156","13","2 out of 5 stars","+17"
"449",15,"Josh Oliver",MIN,"TE59","13","3 out of 5 stars","-37"
"450",15,"Caleb Shudak",TEN,"K41","7","4 out of 5 stars","-67"
"451",15,"Tre Tucker",LV,"WR157","13","2 out of 5 stars","+22"
"452",15,"Demetric Felton Jr.",CLE,"RB120","5","3 out of 5 stars","-"
"453",15,"Brian Hoyer",LV,"QB45","13","4 out of 5 stars","-"
"454",15,"Tyler Huntley",BAL,"QB46","13","3 out of 5 stars","+84"
"455",15,"Kyle Juszczyk",SF,"RB121","9","4 out of 5 stars","-166"
"456",15,"Las Vegas Raiders",LV,"DST32","13","3 out of 5 stars","-194"
"457",15,"Jalen Guyton",LAC,"WR158","5","3 out of 5 stars","-"
"458",15,"Rex Burkhead",FA,"RB122","-","-","+73"
"459",15,"Elijah Higgins",MIA,"TE60","10","2 out of 5 stars","+35"
"460",15,"Randy Bullock",FA,"K42","-","-","-"
"461",15,"Julius Chestnut",TEN,"RB123","7","4 out of 5 stars","-"
"462",15,"Mike Boone",HOU,"RB124","7","3 out of 5 stars","-"
"463",15,"Jeremy Ruckert",NYJ,"TE61","7","3 out of 5 stars","+72"
"464",15,"David Moore",TB,"WR159","5","4 out of 5 stars","-"
"465",15,"Tre'Quan Smith",NO,"WR160","11","4 out of 5 stars","-"
"466",15,"Tony Jones Jr.",DEN,"RB125","9","4 out of 5 stars","-"
"467",15,"Velus Jones Jr.",CHI,"WR161","13","3 out of 5 stars","+81"
"468",15,"Peyton Hendershot",DAL,"TE62","7","3 out of 5 stars","-78"
"469",15,"Carson Wentz",FA,"QB47","-","-","+13"
"470",15,"Anthony McFarland Jr.",PIT,"RB126","6","3 out of 5 stars","-"
"471",15,"Tyler Badie",DEN,"RB127","9","4 out of 5 stars","-"
"472",15,"Sammy Watkins",FA,"WR162","-","-","-"
"473",15,"Trey Sermon",PHI,"RB128","10","1 out of 5 stars","+73"
"474",15,"Brandon Bolden",LV,"RB129","13","3 out of 5 stars","-"
"475",15,"Equanimeous St. Brown",CHI,"WR163","13","3 out of 5 stars","-76"
"476",15,"Jalen Reagor",MIN,"WR164","13","3 out of 5 stars","-36"
"477",16,"Zach Wilson",NYJ,"QB48","7","2 out of 5 stars","-135"
"478",16,"Tommy Tremble",CAR,"TE63","7","3 out of 5 stars","-"
"479",16,"Zane Gonzalez",SF,"K43","9","2 out of 5 stars","-52"
"480",16,"KhaDarel Hodge",ATL,"WR165","11","4 out of 5 stars","-"
"481",16,"Marquise Goodwin",CLE,"WR166","5","3 out of 5 stars","+2"
"482",16,"Erik Ezukanma",MIA,"WR167","10","3 out of 5 stars","-"
"483",16,"Ashton Dulin",IND,"WR168","11","4 out of 5 stars","-"
"484",16,"Jarrett Stidham",DEN,"QB49","9","4 out of 5 stars","-"
"485",16,"Elliott Fry",FA,"K44","-","-","-"
"486",16,"Davis Mills",HOU,"QB50","7","3 out of 5 stars","-"
"487",16,"Colby Parkinson",SEA,"TE64","5","2 out of 5 stars","+11"
"488",16,"Andy Dalton",CAR,"QB51","7","4 out of 5 stars","+7"
"489",16,"Derius Davis",LAC,"WR169","5","3 out of 5 stars","-"
"490",16,"Jonathan Ward",TEN,"RB130","7","4 out of 5 stars","-"
"491",16,"Quintez Cephus",DET,"WR170","9","3 out of 5 stars","-"
"492",16,"Marcus Mariota",PHI,"QB52","10","3 out of 5 stars","-141"
"493",16,"Malik Willis",TEN,"QB53","7","4 out of 5 stars","+27"
"494",16,"Travis Homer",CHI,"RB131","13","5 out of 5 stars","-"
"495",16,"John Bates",WAS,"TE65","14","3 out of 5 stars","-8"
"496",16,"Mark Ingram II",FA,"RB132","-","-","-6"
"497",16,"Brock Wright",DET,"TE66","9","3 out of 5 stars","-87"
"498",16,"James Mitchell",DET,"TE67","9","3 out of 5 stars","+45"
"499",16,"Shi Smith",CAR,"WR171","7","4 out of 5 stars","+55"
"500",16,"Kendall Hinton",DEN,"WR172","9","2 out of 5 stars","-"
"501",16,"Danny Gray",SF,"WR173","9","3 out of 5 stars","+51"
"502",16,"Ty'Son Williams",ARI,"RB133","14","3 out of 5 stars","-"
"503",16,"Jimmy Graham",NO,"TE68","11","5 out of 5 stars","-178"
"504",16,"Dare Ogunbowale",HOU,"RB134","7","3 out of 5 stars","-"
"505",16,"Damien Williams",LV,"RB135","13","3 out of 5 stars","-"
"506",16,"Patrick Ricard",BAL,"RB136","13","3 out of 5 stars","+33"
"507",16,"Malik Cunningham",NE,"QB54","11","2 out of 5 stars","-"
"508",16,"Josiah Deguara",GB,"TE69","6","4 out of 5 stars","-"
"509",16,"Kendric Pryor",JAC,"WR174","9","4 out of 5 stars","-"
"510",16,"Mohamed Ibrahim",DET,"RB137","9","5 out of 5 stars","-"
"511",16,"Hendon Hooker",DET,"QB55","9","4 out of 5 stars","-110"
"512",16,"Eric Saubert",MIA,"TE70","10","2 out of 5 stars","-32"
"513",16,"Snoop Conner",JAC,"RB138","9","2 out of 5 stars","-"
"514",16,"Jonathan Williams",WAS,"RB139","14","3 out of 5 stars","+18"
"515",16,"Alec Ingold",MIA,"RB140","10","1 out of 5 stars","-78"
"516",16,"Lew Nichols III",GB,"RB141","6","4 out of 5 stars","-"
"517",16,"Charlie Kolar",BAL,"TE71","13","4 out of 5 stars","-"
"518",16,"Brandon Powell",MIN,"WR175","13","3 out of 5 stars","-"
"519",16,"Dan Arnold",PHI,"TE72","10","2 out of 5 stars","-122"
"520",16,"Zack Kuntz",NYJ,"TE73","7","3 out of 5 stars","-"
"521",16,"Racey McMath",TEN,"WR176","7","3 out of 5 stars","-"
"522",16,"Cameron Latu",SF,"TE74","9","3 out of 5 stars","-68"
"523",16,"Trestan Ebner",CHI,"RB142","13","5 out of 5 stars","-"
"524",16,"Trevor Siemian",CIN,"QB56","7","3 out of 5 stars","-86"
"525",16,"Ronnie Rivers",LAR,"RB143","10","3 out of 5 stars","-"
"526",16,"Hunter Long",LAR,"TE75","10","2 out of 5 stars","-"
"527",16,"Josh Whyle",TEN,"TE76","7","3 out of 5 stars","-"
"528",16,"Nick Mullens",MIN,"QB57","13","4 out of 5 stars","-"