PLAYER NAME,TEAM,POS,Age,G,GS,PassYds,PassTD,Int,RushAtt,RushYds,Y/A,RushTD,Tgt,Rec,RecYds,RecTD,FL,TD,PPR,VBD
Derrick Henry,TEN,RB,26,16,16,0.0,0.0,0.0,23.6,126.7,5.36,1.06,1.94,1.19,7.13,0.0,0.13,1.06,20.8,11.5
Alvin Kamara,NOR,RB,25,15,10,0.0,0.0,0.0,12.5,62.1,4.98,1.07,7.13,5.53,50.4,0.33,0.0,1.4,25.2,11.0
Dalvin Cook,MIN,RB,25,14,14,0.0,0.0,0.0,22.3,111.2,4.99,1.14,3.86,3.14,25.8,0.07,0.21,1.21,24.1,11.7
Davante Adams,GNB,WR,28,14,14,0.0,0.0,0.0,0.0,0.0,,0.0,10.6,8.21,98.1,1.29,0.07,1.29,25.6,8.36
Travis Kelce,KAN,TE,31,15,15,0.27,0.0,0.0,0.0,0.0,,0.0,9.67,7.0,94.4,0.73,0.07,0.73,20.9,7.8
Tyreek Hill,KAN,WR,26,15,15,0.0,0.0,0.0,0.87,8.2,9.46,0.13,9.0,5.8,85.1,1.0,0.0,1.13,21.9,7.73
Josh Allen,BUF,QB,24,16,16,284.0,2.31,0.63,6.38,26.3,4.13,0.5,0.06,0.06,0.75,0.06,0.38,0.56,24.8,7.06
Aaron Rodgers,GNB,QB,37,16,16,268.7,3.0,0.31,2.38,9.31,3.92,0.19,0.06,0.06,-0.38,0.0,0.13,0.19,24.0,6.25
Kyler Murray,ARI,QB,23,16,16,248.2,1.63,0.75,8.31,51.2,6.16,0.69,0.0,0.0,0.0,0.0,0.25,0.69,23.7,6.0
Patrick Mahomes,KAN,QB,25,15,15,316.0,2.53,0.4,4.13,20.5,4.97,0.13,0.13,0.0,0.0,0.0,0.13,0.13,25.0,6.13
Deshaun Watson,HOU,QB,25,16,16,301.4,2.06,0.44,5.63,27.8,4.93,0.19,0.0,0.0,0.0,0.0,0.19,0.19,23.1,5.44
Jonathan Taylor,IND,RB,21,15,13,0.0,0.0,0.0,15.5,77.9,5.04,0.73,2.6,2.4,19.9,0.07,0.07,0.8,16.9,5.8
Aaron Jones,GNB,RB,26,14,14,0.0,0.0,0.0,14.4,78.9,5.49,0.64,4.5,3.36,25.4,0.14,0.0,0.79,18.5,5.86
Darren Waller,LVR,TE,28,16,15,0.0,0.0,0.0,0.0,0.0,,0.0,9.06,6.69,74.8,0.56,0.13,0.56,17.4,5.06
David Montgomery,CHI,RB,23,15,14,0.0,0.0,0.0,16.5,71.3,4.33,0.53,4.53,3.6,29.2,0.13,0.07,0.67,17.7,5.4
Russell Wilson,SEA,QB,32,16,16,263.3,2.5,0.81,5.19,32.1,6.18,0.13,0.0,0.0,0.0,0.0,0.25,0.13,22.5,4.81
Stefon Diggs,BUF,WR,27,16,15,0.0,0.0,0.0,0.06,0.06,1.0,0.0,10.4,7.94,95.9,0.5,0.0,0.5,20.5,4.75
James Robinson,JAX,RB,22,14,14,0.0,0.0,0.0,17.1,76.4,4.46,0.5,4.29,3.5,24.6,0.21,0.07,0.71,17.9,5.07
Josh Jacobs,LVR,RB,22,15,15,0.0,0.0,0.0,18.2,71.0,3.9,0.8,3.0,2.2,15.9,0.0,0.13,0.8,15.4,4.53
Calvin Ridley,ATL,WR,26,15,15,0.0,0.0,0.0,0.33,0.07,0.2,0.0,9.53,6.0,91.6,0.6,0.07,0.6,18.8,4.4
D.K. Metcalf,SEA,WR,23,16,16,0.0,0.0,0.0,0.0,0.0,,0.0,8.06,5.19,81.4,0.63,0.06,0.63,17.0,3.88
Nick Chubb,CLE,RB,25,12,12,0.0,0.0,0.0,15.8,88.9,5.62,1.0,1.5,1.33,12.5,0.0,0.08,1.0,17.3,5.17
Ryan Tannehill,TEN,QB,32,16,16,238.7,2.06,0.44,2.69,16.6,6.19,0.44,0.06,0.06,0.0,0.0,0.06,0.44,21.5,3.81
Justin Jefferson,MIN,WR,21,16,14,0.0,0.0,0.0,0.06,0.13,2.0,0.0,7.81,5.5,87.5,0.44,0.0,0.44,17.1,3.75
Tom Brady,TAM,QB,43,16,16,289.6,2.5,0.75,1.88,0.38,0.2,0.19,0.0,0.0,0.0,0.0,0.06,0.19,21.1,3.44
Adam Thielen,MIN,WR,30,15,15,0.0,0.0,0.0,0.2,1.0,5.0,0.0,7.2,4.93,61.7,0.93,0.0,0.93,16.9,3.6
Mike Evans,TAM,WR,27,16,16,0.0,0.0,0.0,0.0,0.0,,0.0,6.81,4.38,62.9,0.81,0.0,0.81,15.5,3.31
A.J. Brown,TEN,WR,23,14,12,0.0,0.0,0.0,0.0,0.0,,0.0,7.57,5.0,76.8,0.79,0.07,0.86,17.7,3.71
Justin Herbert,LAC,QB,22,15,15,289.1,2.07,0.67,3.67,15.6,4.25,0.33,0.0,0.0,0.0,0.0,0.07,0.33,22.2,3.33
Lamar Jackson,BAL,QB,23,15,15,183.8,1.73,0.6,10.6,67.0,6.32,0.47,0.0,0.0,0.0,0.0,0.27,0.47,22.2,3.33
Kareem Hunt,CLE,RB,25,16,5,0.0,0.0,0.0,12.4,52.6,4.25,0.38,3.19,2.38,19.0,0.31,0.0,0.69,13.7,3.13
DeAndre Hopkins,ARI,WR,28,16,16,0.0,0.0,0.0,0.06,0.06,1.0,0.0,10.0,7.19,87.9,0.38,0.13,0.38,18.0,2.94
Ezekiel Elliott,DAL,RB,25,15,15,0.0,0.0,0.0,16.3,65.3,4.01,0.4,4.73,3.47,22.5,0.13,0.33,0.53,14.9,2.8
Tyler Lockett,SEA,WR,28,16,16,0.0,0.0,0.0,0.0,0.0,,0.0,8.25,6.25,65.9,0.63,0.0,0.63,16.6,2.44
Kenyan Drake,ARI,RB,26,15,13,0.0,0.0,0.0,15.9,63.7,4.0,0.67,2.07,1.67,9.13,0.0,0.07,0.67,12.8,2.47
Melvin Gordon,DEN,RB,27,15,10,0.0,0.0,0.0,14.3,65.7,4.59,0.6,2.93,2.13,10.5,0.07,0.27,0.67,13.2,2.4
Antonio Gibson,WAS,RB,22,14,10,0.0,0.0,0.0,12.1,56.8,4.68,0.79,3.14,2.57,17.6,0.0,0.14,0.79,14.4,2.57
Allen Robinson,CHI,WR,27,16,16,0.0,0.0,0.0,0.06,-0.06,-1.0,0.0,9.44,6.38,78.1,0.38,0.0,0.38,16.4,2.19
Robert Tonyan,GNB,TE,26,16,8,0.0,0.0,0.0,0.0,0.0,,0.0,3.69,3.25,36.6,0.69,0.0,0.69,11.0,2.13
Robert Woods,LAR,WR,28,16,16,0.0,0.0,0.0,1.5,9.69,6.46,0.13,8.06,5.63,58.5,0.38,0.06,0.5,15.3,1.81
Ronald Jones II,TAM,RB,23,14,13,0.0,0.0,0.0,13.7,69.9,5.09,0.5,3.0,2.0,11.8,0.07,0.14,0.57,13.3,2.0
Chase Claypool,PIT,WR,22,16,6,0.0,0.0,0.0,0.63,1.0,1.6,0.13,6.81,3.88,54.6,0.56,0.06,0.69,13.4,1.69
Marvin Jones,DET,WR,30,16,16,0.0,0.0,0.0,0.0,0.0,,0.0,7.19,4.75,61.1,0.56,0.0,0.56,14.2,1.63
Brandin Cooks,HOU,WR,27,15,15,0.0,0.0,0.0,0.0,0.0,,0.0,7.93,5.4,76.7,0.4,0.0,0.4,15.5,1.67
Kirk Cousins,MIN,QB,32,16,16,266.6,2.19,0.81,2.0,9.75,4.88,0.06,0.0,0.0,0.0,0.0,0.31,0.06,19.1,1.5
Mark Andrews,BAL,TE,25,14,2,0.0,0.0,0.0,0.0,0.0,,0.0,6.29,4.14,50.1,0.5,0.0,0.5,12.2,1.57
Chris Carson,SEA,RB,26,12,12,0.0,0.0,0.0,11.8,56.8,4.83,0.42,3.83,3.08,23.9,0.33,0.0,0.75,15.7,1.75
J.K. Dobbins,BAL,RB,22,15,1,0.0,0.0,0.0,8.93,53.7,6.01,0.6,1.6,1.2,8.0,0.0,0.0,0.6,11.2,1.33
D.J. Moore,CAR,WR,23,15,14,0.0,0.0,0.0,0.13,1.47,11.0,0.0,7.87,4.4,79.5,0.27,0.0,0.27,14.1,1.33
Keenan Allen,LAC,WR,28,14,13,0.0,0.0,0.0,0.07,-0.07,-1.0,0.0,10.5,7.14,70.9,0.57,0.14,0.57,17.5,1.36
Amari Cooper,DAL,WR,26,16,15,0.0,0.0,0.0,0.38,0.88,2.33,0.0,8.13,5.75,69.6,0.31,0.0,0.31,14.8,1.19
T.J. Hockenson,DET,TE,23,16,16,0.0,0.0,0.0,0.06,0.0,0.0,0.0,6.31,4.19,45.2,0.38,0.06,0.38,11.0,1.13
CeeDee Lamb,DAL,WR,21,16,14,0.0,0.0,0.0,0.63,5.13,8.2,0.06,6.94,4.63,58.4,0.31,0.06,0.44,13.6,1.13
Mike Davis,CAR,RB,27,15,12,0.0,0.0,0.0,11.0,42.8,3.89,0.4,4.67,3.93,24.9,0.13,0.07,0.53,13.8,1.13
David Johnson,HOU,RB,29,12,12,0.0,0.0,0.0,12.3,57.6,4.7,0.5,3.83,2.75,26.2,0.17,0.08,0.67,15.0,1.33
Mike Gesicki,MIA,TE,25,15,9,0.0,0.0,0.0,0.0,0.0,,0.0,5.67,3.53,46.9,0.4,0.0,0.4,10.6,1.07
Logan Thomas,WAS,TE,29,16,15,1.75,0.0,0.0,0.19,0.31,1.67,0.0,6.88,4.5,41.9,0.38,0.0,0.38,11.0,0.88
Rob Gronkowski,TAM,TE,31,16,16,0.0,0.0,0.0,0.0,0.0,,0.0,4.81,2.81,38.9,0.44,0.0,0.44,9.33,0.88
D'Andre Swift,DET,RB,21,13,4,0.0,0.0,0.0,8.77,40.1,4.57,0.62,4.38,3.54,27.5,0.15,0.15,0.77,14.6,1.08
Miles Sanders,PHI,RB,23,12,11,0.0,0.0,0.0,13.7,72.3,5.29,0.5,4.33,2.33,16.4,0.0,0.17,0.5,14.2,1.0
Nelson Agholor,LVR,WR,27,16,13,0.0,0.0,0.0,0.0,0.0,,0.0,5.13,3.0,56.0,0.5,0.0,0.5,11.6,0.75
JuJu Smith-Schuster,PIT,WR,24,16,14,0.0,0.0,0.0,0.0,0.0,,0.0,8.0,6.06,51.9,0.56,0.06,0.56,14.6,0.69
Terry McLaurin,WAS,WR,25,15,15,0.0,0.0,0.0,0.13,2.0,15.0,0.0,8.93,5.8,74.5,0.27,0.07,0.27,14.9,0.73
Will Fuller,HOU,WR,26,11,11,0.0,0.0,0.0,0.09,0.0,0.0,0.0,6.82,4.82,79.9,0.73,0.0,0.73,17.2,0.91
Clyde Edwards-Helaire,KAN,RB,21,13,13,0.0,0.0,0.0,13.9,61.8,4.44,0.31,4.15,2.77,22.8,0.08,0.0,0.38,13.5,0.77
Curtis Samuel,CAR,WR,24,15,5,0.0,0.0,0.0,2.73,13.3,4.88,0.13,6.47,5.13,56.7,0.2,0.0,0.33,14.1,0.6
Jonnu Smith,TEN,TE,25,15,14,0.0,0.0,0.0,0.13,0.27,2.0,0.07,4.33,2.73,29.9,0.53,0.0,0.6,9.35,0.6
Todd Gurley,ATL,RB,26,15,15,0.0,0.0,0.0,13.0,45.2,3.48,0.6,2.33,1.67,10.9,0.0,0.0,0.6,10.9,0.53
Diontae Johnson,PIT,WR,24,15,13,0.0,0.0,0.0,0.2,1.0,5.0,0.0,9.6,5.87,61.5,0.47,0.07,0.47,14.8,0.53
Jimmy Graham,CHI,TE,34,16,15,0.0,0.0,0.0,0.0,0.0,,0.0,4.75,3.13,28.5,0.5,0.0,0.5,8.97,0.19
Robbie Anderson,CAR,WR,27,16,16,0.0,0.0,0.0,0.25,0.94,3.75,0.0,8.5,5.94,68.5,0.19,0.06,0.19,14.0,0.19
Hayden Hurst,ATL,TE,27,16,9,0.0,0.0,0.0,0.0,0.0,,0.0,5.5,3.5,35.7,0.38,0.0,0.38,9.32,0.19
Tee Higgins,CIN,WR,21,16,14,0.0,0.0,0.0,0.31,1.75,5.6,0.0,6.75,4.19,56.8,0.38,0.06,0.38,12.2,0.13
Corey Davis,TEN,WR,25,14,12,0.0,0.0,0.0,0.0,0.0,,0.0,6.57,4.64,70.3,0.36,0.07,0.36,13.7,
Matt Ryan,ATL,QB,35,16,16,286.3,1.63,0.69,1.81,5.75,3.17,0.13,0.0,0.0,0.0,0.0,0.19,0.13,17.6,
Chris Godwin,TAM,WR,24,12,12,0.0,0.0,0.0,0.0,0.0,,0.0,7.0,5.42,70.0,0.58,0.0,0.58,15.9,
Johnny Stanton,CLE,,26,1,0,0.0,0.0,0.0,0.0,0.0,,0.0,0.0,0.0,0.0,0.0,0.0,0.0,,
Nyheim Hines,IND,RB,24,16,2,0.0,0.0,0.0,5.56,23.8,4.27,0.19,4.75,3.94,30.1,0.25,0.0,0.44,12.1,
Derek Carr,LVR,QB,29,16,16,256.4,1.69,0.56,2.44,8.75,3.59,0.19,0.0,0.0,0.0,0.0,0.5,0.19,17.0,
Ben Roethlisberger,PIT,QB,38,15,15,253.5,2.2,0.67,1.67,0.73,0.44,0.0,0.0,0.0,0.0,0.0,0.07,0.0,17.8,
Matthew Stafford,DET,QB,32,16,16,255.3,1.63,0.63,1.81,7.0,3.86,0.0,0.06,0.0,0.0,0.0,0.06,0.0,16.3,
Cam Newton,NWE,QB,31,15,15,177.1,0.53,0.67,9.13,39.5,4.32,0.8,0.13,0.13,2.33,0.07,0.07,0.87,17.4,
Baker Mayfield,CLE,QB,25,16,16,222.7,1.63,0.5,3.38,10.3,3.06,0.06,0.06,0.06,0.38,0.0,0.25,0.06,15.5,
Teddy Bridgewater,CAR,QB,28,15,15,248.9,1.0,0.73,3.53,18.6,5.26,0.33,0.0,0.0,0.0,0.0,0.2,0.33,16.1,
Jared Goff,LAR,QB,26,15,15,263.5,1.33,0.87,3.4,6.6,1.94,0.27,0.0,0.0,0.0,0.0,0.27,0.27,16.0,
Philip Rivers,IND,QB,39,16,16,260.6,1.5,0.69,1.13,-0.5,-0.44,0.0,0.0,0.0,0.0,0.0,0.06,0.0,15.0,
Drew Brees,NOR,QB,41,12,12,245.2,2.0,0.5,1.5,-0.17,-0.11,0.17,0.0,0.0,0.0,0.0,0.17,0.17,17.5,
Carson Wentz,PHI,QB,28,12,12,218.3,1.33,1.25,4.33,23.0,5.31,0.42,0.0,0.0,0.0,0.0,0.33,0.42,16.5,
Drew Lock,DEN,QB,24,13,13,225.6,1.23,1.15,3.38,12.3,3.64,0.23,0.0,0.0,0.0,0.0,0.23,0.23,13.9,
Daniel Jones,NYG,QB,23,14,14,210.2,0.79,0.71,4.64,30.2,6.51,0.07,0.0,0.0,0.0,0.0,0.43,0.07,12.9,
Joe Burrow,CIN,QB,24,10,10,268.8,1.3,0.5,3.7,14.2,3.84,0.3,0.0,0.0,0.0,0.0,0.4,0.3,17.4,
Gardner Minshew II,JAX,QB,24,9,8,251.0,1.78,0.56,3.22,17.0,5.28,0.11,0.11,0.11,0.0,0.0,0.44,0.11,17.9,
Mitchell Trubisky,CHI,QB,26,10,9,205.5,1.6,0.8,3.3,19.5,5.91,0.1,0.0,0.0,0.0,0.0,0.2,0.1,15.4,
Ryan Fitzpatrick,MIA,QB,38,9,7,232.3,1.44,0.89,3.33,16.8,5.03,0.22,0.11,0.11,0.0,0.0,0.0,0.22,17.1,
Taysom Hill,NOR,QB,30,16,8,58.0,0.25,0.13,5.44,28.6,5.25,0.5,0.75,0.5,6.13,0.06,0.31,0.56,9.79,
Andy Dalton,DAL,QB,33,11,9,197.3,1.27,0.73,2.55,10.4,4.07,0.0,0.09,0.09,-0.27,0.0,0.09,0.0,12.4,
Dak Prescott,DAL,QB,27,5,5,371.2,1.8,0.8,3.6,18.6,5.17,0.6,0.2,0.2,2.2,0.2,0.6,0.8,27.1,
Tua Tagovailoa,MIA,QB,22,10,9,181.4,1.1,0.5,3.6,10.9,3.03,0.3,0.0,0.0,0.0,0.0,0.1,0.3,13.6,
Sam Darnold,NYJ,QB,23,12,12,184.0,0.75,0.92,3.08,18.1,5.86,0.17,0.0,0.0,0.0,0.0,0.17,0.17,11.2,
James Conner,PIT,RB,25,13,11,0.0,0.0,0.0,13.0,55.5,4.27,0.46,3.31,2.69,16.5,0.0,0.0,0.46,12.7,
Jeff Wilson,SFO,RB,25,12,3,0.0,0.0,0.0,10.5,50.0,4.76,0.58,2.33,1.08,11.1,0.25,0.17,0.83,11.9,
Cole Beasley,BUF,WR,31,15,10,1.33,0.07,0.0,0.0,0.0,,0.0,7.13,5.47,64.5,0.27,0.0,0.27,13.8,
Brandon Aiyuk,SFO,WR,22,12,11,0.0,0.0,0.0,0.5,6.42,12.83,0.17,8.0,5.0,62.3,0.42,0.0,0.58,15.4,
Marquise Brown,BAL,WR,23,16,14,0.0,0.0,0.0,0.06,0.06,1.0,0.0,6.25,3.63,48.1,0.5,0.0,0.5,11.4,
Myles Gaskin,MIA,RB,23,10,7,0.0,0.0,0.0,14.2,58.4,4.11,0.3,4.7,4.1,38.8,0.2,0.2,0.5,16.4,
Gus Edwards,BAL,RB,25,16,6,0.0,0.0,0.0,9.0,45.2,5.02,0.38,0.81,0.56,8.06,0.0,0.06,0.38,8.01,
Cooper Kupp,LAR,WR,27,15,12,0.0,0.0,0.0,0.27,2.2,8.25,0.0,8.27,6.13,64.9,0.2,0.07,0.2,13.9,
Wayne Gallman,NYG,RB,26,15,10,0.0,0.0,0.0,9.8,45.5,4.64,0.4,1.8,1.4,7.6,0.0,0.0,0.4,9.11,
Jarvis Landry,CLE,WR,28,15,14,4.93,0.07,0.0,0.27,0.67,2.5,0.07,6.73,4.8,56.0,0.2,0.0,0.27,12.5,
Nick Mullens,SFO,QB,25,10,8,243.7,1.2,1.2,0.9,0.8,0.89,0.0,0.0,0.0,0.0,0.0,0.4,0.0,11.6,
Chase Edmonds,ARI,RB,24,16,2,0.0,0.0,0.0,6.06,28.0,4.62,0.06,4.19,3.31,25.1,0.25,0.0,0.31,10.5,
Tyler Boyd,CIN,WR,26,15,8,1.07,0.0,0.0,0.33,3.27,9.8,0.0,7.33,5.27,56.1,0.27,0.0,0.27,12.8,
Michael Gallup,DAL,WR,24,16,15,0.0,0.0,0.0,0.0,0.0,,0.0,6.56,3.69,52.7,0.31,0.0,0.31,10.8,
Darrell Henderson,LAR,RB,23,15,11,0.0,0.0,0.0,9.2,41.6,4.52,0.33,1.6,1.07,10.6,0.07,0.0,0.4,8.69,
Jamison Crowder,NYJ,WR,27,12,7,3.58,0.08,0.0,0.08,1.17,14.0,0.0,7.42,4.92,58.3,0.5,0.0,0.5,14.3,
Latavius Murray,NOR,RB,30,15,7,0.0,0.0,0.0,9.73,43.7,4.49,0.27,1.73,1.53,11.7,0.07,0.0,0.33,9.08,
Adrian Peterson,DET,RB,35,16,10,0.0,0.0,0.0,9.75,37.8,3.87,0.44,1.13,0.75,6.31,0.0,0.0,0.44,7.78,
Giovani Bernard,CIN,RB,29,16,10,0.0,0.0,0.0,7.75,26.0,3.35,0.19,3.69,2.94,22.2,0.19,0.06,0.38,9.88,
Austin Ekeler,LAC,RB,25,10,10,0.0,0.0,0.0,11.6,53.0,4.57,0.1,6.5,5.4,40.3,0.2,0.0,0.3,16.5,
J.D. McKissic,WAS,RB,27,16,7,0.0,0.0,0.0,5.31,22.8,4.29,0.06,6.88,5.0,36.8,0.13,0.06,0.19,12.0,
Tim Patrick,DEN,WR,27,15,15,0.0,0.0,0.0,0.0,0.0,,0.0,5.27,3.4,49.5,0.4,0.0,0.4,10.7,
Russell Gage,ATL,WR,24,16,8,2.44,0.06,0.0,0.13,0.56,4.5,0.0,6.81,4.5,49.1,0.25,0.0,0.25,11.3,
T.Y. Hilton,IND,WR,31,15,15,0.0,0.0,0.0,0.0,0.0,,0.0,6.2,3.73,50.8,0.33,0.0,0.33,10.9,
Jalen Hurts,PHI,QB,22,15,4,70.7,0.4,0.27,4.2,23.6,5.62,0.2,0.07,0.07,0.2,0.0,0.13,0.2,7.27,
Jerry Jeudy,DEN,WR,21,16,14,0.0,0.0,0.0,0.0,0.0,,0.0,7.06,3.25,53.5,0.19,0.0,0.19,9.85,
Devin Singletary,BUF,RB,23,16,16,0.0,0.0,0.0,9.75,42.9,4.4,0.13,3.13,2.38,16.8,0.0,0.06,0.13,8.97,
Mike Williams,LAC,WR,26,15,11,0.0,0.0,0.0,0.07,0.07,1.0,0.0,5.67,3.2,50.4,0.33,0.0,0.33,10.2,
Nick Foles,CHI,QB,31,9,7,205.8,1.11,0.89,1.78,0.11,0.06,0.11,0.0,0.0,0.0,0.0,0.0,0.11,11.6,
Emmanuel Sanders,NOR,WR,33,14,5,0.0,0.0,0.0,0.07,0.86,12.0,0.0,5.86,4.36,51.9,0.36,0.0,0.36,11.8,
Marquez Valdes-Scantling,GNB,WR,26,16,12,0.0,0.0,0.0,0.25,0.81,3.25,0.0,3.94,2.06,43.1,0.38,0.06,0.38,8.58,
DeVante Parker,MIA,WR,27,14,11,0.0,0.0,0.0,0.0,0.0,,0.0,7.36,4.5,56.6,0.29,0.0,0.29,11.9,
Gabriel Davis,BUF,WR,21,16,11,0.0,0.0,0.0,0.06,0.0,0.0,0.0,3.88,2.19,37.4,0.44,0.0,0.44,8.56,
DJ Chark,JAX,WR,24,13,12,0.0,0.0,0.0,0.0,0.0,,0.0,7.15,4.08,54.3,0.38,0.0,0.38,11.8,
Keelan Cole,JAX,WR,27,16,5,0.0,0.0,0.0,0.06,0.13,2.0,0.0,5.5,3.44,40.1,0.31,0.0,0.38,9.71,
Laviska Shenault Jr.,JAX,WR,22,14,12,0.0,0.0,0.0,1.29,6.5,5.06,0.0,5.64,4.14,42.9,0.36,0.0,0.36,11.2,
Christian Kirk,ARI,WR,24,14,10,0.0,0.0,0.0,0.14,0.21,1.5,0.0,5.64,3.43,44.4,0.43,0.0,0.43,10.5,
Sterling Shepard,NYG,WR,27,12,12,0.0,0.0,0.0,0.5,4.08,8.17,0.08,7.5,5.5,54.7,0.25,0.0,0.33,13.5,
Leonard Fournette,TAM,RB,25,13,3,0.0,0.0,0.0,7.46,28.2,3.78,0.46,3.62,2.77,17.9,0.0,0.0,0.46,10.2,
Jamaal Williams,GNB,RB,25,14,3,0.0,0.0,0.0,8.5,36.1,4.24,0.14,2.5,2.21,16.9,0.07,0.0,0.21,9.08,
Julio Jones,ATL,WR,31,9,9,0.0,0.0,0.0,0.0,0.0,,0.0,7.56,5.67,85.7,0.33,0.0,0.33,16.2,
Jerick McKinnon,SFO,RB,28,16,4,0.0,0.0,0.0,5.06,19.9,3.94,0.31,2.88,2.06,15.8,0.06,0.0,0.38,7.89,
Zach Pascal,IND,WR,26,16,14,0.0,0.0,0.0,0.0,0.0,,0.0,4.44,2.75,39.3,0.31,0.0,0.31,8.56,
Tony Pollard,DAL,RB,23,16,2,0.0,0.0,0.0,6.31,27.2,4.31,0.25,2.5,1.75,12.1,0.06,0.0,0.31,7.55,
Cam Akers,LAR,RB,21,13,5,0.0,0.0,0.0,11.2,48.1,4.31,0.15,1.08,0.85,9.46,0.08,0.08,0.23,7.83,
Darnell Mooney,CHI,WR,23,16,9,0.0,0.0,0.0,0.25,1.25,5.0,0.0,6.13,3.81,39.4,0.25,0.0,0.25,9.51,
Darius Slayton,NYG,WR,23,16,15,0.0,0.0,0.0,0.13,-0.06,-0.5,0.0,6.0,3.13,46.9,0.19,0.06,0.19,8.81,
Jared Cook,NOR,TE,33,15,5,0.0,0.0,0.0,0.0,0.0,,0.0,4.0,2.47,33.6,0.47,0.07,0.47,8.49,
Zack Moss,BUF,RB,23,13,0,0.0,0.0,0.0,8.62,37.0,4.29,0.31,1.38,1.08,7.31,0.08,0.0,0.38,7.82,
Noah Fant,DEN,TE,23,15,14,0.0,0.0,0.0,0.0,0.0,,0.0,6.2,4.13,44.9,0.2,0.0,0.2,9.95,
Mecole Hardman,KAN,WR,22,16,8,0.0,0.0,0.0,0.25,1.94,7.75,0.0,3.88,2.56,35.0,0.25,0.13,0.31,8.01,
Malcolm Brown,LAR,RB,27,16,0,0.0,0.0,0.0,6.31,26.2,4.15,0.31,2.06,1.44,10.1,0.0,0.06,0.31,6.82,
Eric Ebron,PIT,TE,27,15,9,0.0,0.0,0.0,0.0,0.0,,0.0,6.07,3.73,37.2,0.33,0.07,0.33,9.45,
Damien Harris,NWE,RB,23,10,10,0.0,0.0,0.0,13.7,69.1,5.04,0.2,0.7,0.5,5.2,0.0,0.0,0.2,9.13,
Hunter Henry,LAC,TE,26,14,14,0.0,0.0,0.0,0.0,0.0,,0.0,6.64,4.29,43.8,0.29,0.0,0.29,10.4,
Frank Gore,NYJ,RB,37,15,14,0.0,0.0,0.0,12.5,43.5,3.49,0.13,1.27,1.07,5.93,0.0,0.07,0.13,6.68,
Tyler Higbee,LAR,TE,27,15,15,0.0,0.0,0.0,0.07,0.07,1.0,0.0,4.0,2.93,34.7,0.33,0.0,0.33,8.55,
Rashard Higgins,CLE,WR,26,13,6,0.0,0.0,0.0,0.0,0.0,,0.0,4.0,2.85,46.1,0.31,0.0,0.31,9.3,
Jakobi Meyers,NWE,WR,24,14,9,3.07,0.14,0.0,0.14,0.64,4.5,0.0,5.79,4.21,52.1,0.0,0.07,0.0,10.2,
David Moore,SEA,WR,25,16,6,0.0,0.0,0.0,0.5,3.81,7.63,0.0,2.94,2.19,26.1,0.38,0.0,0.38,7.42,
Raheem Mostert,SFO,RB,28,8,8,0.0,0.0,0.0,13.0,65.1,5.01,0.25,2.38,2.0,19.5,0.13,0.13,0.38,12.5,
Dalton Schultz,DAL,TE,24,16,14,0.0,0.0,0.0,0.0,0.0,,0.0,5.56,3.94,38.4,0.25,0.06,0.25,9.16,
Rex Burkhead,NWE,RB,30,10,0,0.0,0.0,0.0,6.7,27.4,4.09,0.3,3.3,2.5,19.2,0.3,0.0,0.6,10.8,
Kendrick Bourne,SFO,WR,25,15,5,0.0,0.0,0.0,0.0,0.0,,0.0,4.93,3.27,44.5,0.13,0.0,0.13,8.65,
Greg Ward,PHI,WR,25,16,10,0.94,0.0,0.0,0.13,-0.25,-2.0,0.0,4.94,3.31,26.2,0.38,0.0,0.38,8.32,
Joe Mixon,CIN,RB,24,6,6,0.0,0.0,0.0,19.8,71.3,3.6,0.5,4.33,3.5,23.0,0.17,0.17,0.67,16.6,
Evan Engram,NYG,TE,26,16,14,0.0,0.0,0.0,0.38,1.63,4.33,0.06,6.81,3.94,40.9,0.06,0.06,0.13,8.81,
Travis Fulgham,PHI,WR,25,13,8,0.0,0.0,0.0,0.0,0.0,,0.0,5.15,2.92,41.5,0.31,0.0,0.31,8.92,
George Kittle,SFO,TE,27,8,8,0.0,0.0,0.0,0.25,2.13,8.5,0.0,7.88,6.0,79.3,0.25,0.0,0.25,15.6,
Hunter Renfrow,LVR,WR,25,16,6,0.0,0.0,0.0,0.0,0.0,,0.0,4.81,3.5,41.0,0.13,0.06,0.13,8.22,
Alexander Mattison,MIN,RB,22,13,2,0.0,0.0,0.0,7.38,33.4,4.52,0.15,1.15,1.0,9.62,0.08,0.0,0.23,6.68,
Christian McCaffrey,CAR,RB,24,3,3,0.0,0.0,0.0,19.7,75.0,3.81,1.67,6.33,5.67,49.7,0.33,0.0,2.0,30.1,
Antonio Brown,TAM,WR,32,8,4,0.0,0.0,0.0,0.25,-0.25,-1.0,0.0,7.75,5.63,60.4,0.5,0.0,0.5,14.6,
Josh Reynolds,LAR,WR,25,16,13,0.0,0.0,0.0,0.06,0.31,5.0,0.0,5.06,3.25,38.6,0.13,0.06,0.13,7.77,
Alex Smith,WAS,QB,36,8,6,197.8,0.75,1.0,1.25,0.38,0.3,0.0,0.0,0.0,0.0,0.0,0.0,0.0,8.95,
Boston Scott,PHI,RB,25,16,4,0.0,0.0,0.0,5.0,23.4,4.68,0.06,2.25,1.56,13.3,0.06,0.0,0.13,5.97,
Dallas Goedert,PHI,TE,25,11,9,0.0,0.0,0.0,0.0,0.0,,0.0,5.91,4.18,47.6,0.27,0.0,0.27,10.6,
Brian Hill,ATL,RB,25,16,1,0.0,0.0,0.0,6.25,29.1,4.65,0.06,1.88,1.56,12.4,0.0,0.06,0.06,5.96,
Isaiah McKenzie,BUF,WR,25,16,7,0.75,0.06,0.0,0.63,0.56,0.9,0.0,2.13,1.88,17.6,0.31,0.0,0.38,6.22,
Scott Miller,TAM,WR,23,16,5,0.0,0.0,0.0,0.19,0.88,4.67,0.0,3.31,2.06,31.3,0.19,0.0,0.19,6.41,
Devontae Booker,LVR,RB,28,16,1,0.0,0.0,0.0,5.81,26.4,4.55,0.19,1.31,1.06,5.25,0.0,0.0,0.19,5.36,
Jalen Guyton,LAC,WR,23,16,9,0.0,0.0,0.0,0.13,0.0,0.0,0.0,3.44,1.75,31.9,0.19,0.0,0.19,6.07,
Carlos Hyde,SEA,RB,30,10,1,0.0,0.0,0.0,8.1,35.6,4.4,0.4,2.0,1.6,9.3,0.0,0.0,0.4,8.49,
Breshad Perriman,NYJ,WR,27,12,12,0.0,0.0,0.0,0.08,0.5,6.0,0.0,5.0,2.5,42.1,0.25,0.0,0.25,8.26,
Irv Smith Jr.,MIN,TE,22,13,7,0.0,0.0,0.0,0.0,0.0,,0.0,3.31,2.31,28.1,0.38,0.0,0.38,7.58,
Tre'Quan Smith,NOR,WR,24,14,10,0.0,0.0,0.0,0.07,0.21,3.0,0.0,3.57,2.43,32.0,0.29,0.0,0.29,7.36,
James Washington,PIT,WR,24,16,7,0.0,0.0,0.0,0.0,0.0,,0.0,3.5,1.88,24.5,0.31,0.0,0.31,6.2,
Damiere Byrd,NWE,WR,27,16,14,0.0,0.0,0.0,0.13,0.94,7.5,0.0,4.81,2.94,37.8,0.06,0.0,0.06,7.18,
Dwayne Haskins,WAS,QB,23,7,6,205.6,0.71,1.0,2.86,6.57,2.3,0.14,0.0,0.0,0.0,0.0,0.43,0.14,9.74,
Austin Hooper,CLE,TE,26,13,13,0.0,0.0,0.0,0.0,0.0,,0.0,5.38,3.54,33.5,0.31,0.0,0.31,8.73,
Sony Michel,NWE,RB,25,9,6,0.0,0.0,0.0,8.78,49.9,5.68,0.11,1.0,0.78,12.7,0.11,0.0,0.22,8.37,
James White,NWE,RB,28,14,0,0.0,0.0,0.0,2.5,8.64,3.46,0.14,4.43,3.5,26.8,0.07,0.0,0.21,8.33,
Dan Arnold,ARI,TE,25,16,5,0.0,0.0,0.0,0.0,0.0,,0.0,2.81,1.94,27.4,0.25,0.06,0.25,6.05,
Kalen Ballage,2TM,RB,25,11,2,0.0,0.0,0.0,8.27,27.5,3.33,0.27,3.36,2.64,15.1,0.0,0.0,0.27,8.54,
Allen Lazard,GNB,WR,25,10,9,0.0,0.0,0.0,0.2,1.7,8.5,0.0,4.6,3.3,45.1,0.3,0.0,0.3,9.78,
Benny Snell Jr.,PIT,RB,22,16,3,0.0,0.0,0.0,6.94,23.0,3.32,0.25,0.88,0.63,3.81,0.0,0.06,0.25,4.68,
Odell Beckham Jr.,CLE,WR,28,7,7,2.57,0.0,0.0,0.43,10.3,24.0,0.14,6.14,3.29,45.6,0.43,0.0,0.57,12.4,
John Brown,BUF,WR,30,9,8,0.0,0.0,0.0,0.0,0.0,,0.0,5.78,3.67,50.9,0.33,0.0,0.33,10.8,
Jimmy Garoppolo,SFO,QB,29,6,6,182.7,1.17,0.83,1.67,4.17,2.5,0.0,0.0,0.0,0.0,0.0,0.0,0.0,10.7,
A.J. Green,CIN,WR,32,16,14,0.0,0.0,0.0,0.0,0.0,,0.0,6.5,2.94,32.7,0.13,0.0,0.13,6.96,
Kyle Juszczyk,SFO,RB,29,16,15,0.0,0.0,0.0,1.06,4.0,3.76,0.13,1.81,1.19,12.6,0.25,0.0,0.38,5.1,
Demarcus Robinson,KAN,WR,26,16,9,0.0,0.0,0.0,0.0,0.0,,0.0,3.69,2.81,29.1,0.19,0.06,0.19,6.72,
Randall Cobb,HOU,WR,30,10,2,0.0,0.0,0.0,0.0,0.0,,0.0,4.8,3.8,44.1,0.3,0.0,0.3,10.0,
Mike Glennon,JAX,QB,31,5,5,214.4,1.4,1.0,1.2,3.4,2.83,0.0,0.0,0.0,0.0,0.0,0.4,0.0,12.1,
Willie Snead,BAL,WR,28,13,8,0.0,0.0,0.0,0.0,0.0,,0.0,3.69,2.54,33.2,0.23,0.0,0.23,7.25,
Danny Amendola,DET,WR,35,14,5,0.0,0.0,0.0,0.07,0.14,2.0,0.0,4.93,3.29,43.0,0.0,0.0,0.0,7.6,
Braxton Berrios,NYJ,WR,25,16,2,0.0,0.0,0.0,0.19,1.81,9.67,0.0,3.44,2.31,24.6,0.19,0.0,0.19,6.08,
KJ Hamler,DEN,WR,21,13,4,0.0,0.0,0.0,0.69,3.08,4.44,0.0,4.31,2.31,29.3,0.23,0.0,0.23,6.93,
Tyron Johnson,LAC,WR,24,12,0,0.0,0.0,0.0,0.25,1.42,5.67,0.0,2.17,1.67,33.2,0.25,0.0,0.25,6.63,
Anthony Miller,CHI,WR,26,16,6,0.0,0.0,0.0,0.13,0.75,6.0,0.0,4.75,3.06,30.3,0.13,0.06,0.13,6.79,
Le'Veon Bell,2TM,RB,28,11,4,0.0,0.0,0.0,7.45,29.8,4.0,0.18,1.82,1.45,12.5,0.0,0.0,0.18,6.78,
Phillip Lindsay,DEN,RB,26,11,8,0.0,0.0,0.0,10.7,45.6,4.25,0.09,1.27,0.64,2.55,0.0,0.0,0.09,6.0,
Michael Pittman Jr.,IND,WR,23,13,8,0.0,0.0,0.0,0.23,2.0,8.67,0.0,4.69,3.08,38.7,0.08,0.0,0.08,7.61,
Salvon Ahmed,MIA,RB,22,6,4,0.0,0.0,0.0,12.5,53.2,4.25,0.5,2.33,1.83,10.2,0.0,0.0,0.5,11.5,
Joshua Kelley,LAC,RB,23,14,0,0.0,0.0,0.0,7.93,25.3,3.19,0.14,1.64,1.64,10.6,0.0,0.14,0.14,5.8,
Henry Ruggs III,LVR,WR,21,13,12,0.0,0.0,0.0,0.69,3.77,5.44,0.0,3.31,2.0,34.8,0.15,0.15,0.15,6.47,
Chris Conley,JAX,WR,28,15,4,0.0,0.0,0.0,0.0,0.0,,0.0,4.2,2.67,31.4,0.13,0.07,0.13,6.47,
Preston Williams,MIA,WR,23,8,7,0.0,0.0,0.0,0.0,0.0,,0.0,4.38,2.25,36.0,0.5,0.0,0.5,9.35,
Duke Johnson,HOU,RB,27,11,5,0.0,0.0,0.0,7.0,21.4,3.05,0.09,3.18,2.55,22.6,0.09,0.18,0.18,7.67,
Jalen Reagor,PHI,WR,21,11,11,0.0,0.0,0.0,0.36,2.36,6.5,0.0,4.91,2.82,36.0,0.09,0.0,0.18,7.93,
Trey Burton,IND,TE,29,13,4,0.0,0.0,0.0,0.15,0.23,1.5,0.15,3.62,2.15,19.2,0.23,0.0,0.38,6.41,
Darren Fells,HOU,TE,34,16,14,0.0,0.0,0.0,0.0,0.0,,0.0,1.75,1.31,19.5,0.25,0.0,0.25,4.76,
Joe Flacco,NYJ,QB,35,5,4,172.8,1.2,0.6,1.2,4.4,3.67,0.0,0.0,0.0,0.0,0.0,0.0,0.0,11.0,
Samaje Perine,CIN,RB,25,16,1,0.0,0.0,0.0,3.94,18.8,4.78,0.19,0.75,0.69,4.13,0.0,0.0,0.19,4.11,
Keke Coutee,HOU,WR,23,8,4,0.0,0.0,0.0,0.0,0.0,,0.0,5.0,4.13,50.0,0.38,0.38,0.38,10.9,
Cam Sims,WAS,WR,24,16,10,0.0,0.0,0.0,0.06,0.31,5.0,0.0,3.0,2.0,29.8,0.06,0.0,0.06,5.39,
Kerryon Johnson,DET,RB,23,16,2,0.0,0.0,0.0,3.25,11.3,3.48,0.13,1.63,1.19,11.7,0.06,0.06,0.19,4.49,
C.J. Beathard,SFO,QB,27,6,2,131.2,1.0,0.0,1.0,4.67,4.67,0.0,0.0,0.0,0.0,0.0,0.5,0.0,8.72,
Gerald Everett,LAR,TE,26,16,7,0.0,0.0,0.0,0.06,0.13,2.0,0.06,3.88,2.56,26.1,0.06,0.06,0.13,5.81,
Golden Tate,NYG,WR,32,12,4,1.5,0.0,0.0,0.0,0.0,,0.0,4.33,2.92,32.3,0.17,0.0,0.17,7.21,
Peyton Barber,WAS,RB,26,16,2,0.0,0.0,0.0,5.88,16.1,2.74,0.25,0.44,0.25,0.75,0.0,0.0,0.25,3.44,
Miles Boykin,BAL,WR,24,16,13,0.0,0.0,0.0,0.0,0.0,,0.0,2.06,1.19,16.6,0.25,0.0,0.25,4.35,
Jakeem Grant,MIA,WR,28,14,4,0.0,0.0,0.0,0.21,1.43,6.67,0.0,3.86,2.57,26.6,0.07,0.0,0.14,6.24,
Brandon Allen,CIN,QB,28,5,5,185.0,1.0,0.8,2.6,5.4,2.08,0.0,0.2,0.0,0.0,0.0,0.2,0.0,9.94,
Sammy Watkins,KAN,WR,27,10,9,0.0,0.0,0.1,0.1,0.3,3.0,0.0,5.5,3.7,42.1,0.2,0.1,0.2,8.74,
Mo Alie-Cox,IND,TE,27,15,6,0.0,0.0,0.0,0.0,0.0,,0.0,2.6,2.07,26.3,0.13,0.07,0.13,5.36,
Jordan Wilkins,IND,RB,26,15,0,0.0,0.0,0.0,5.6,20.5,3.67,0.07,1.07,0.8,7.0,0.0,0.0,0.07,4.09,
Cordarrelle Patterson,CHI,WR,29,16,3,0.0,0.0,0.0,4.0,14.5,3.63,0.06,1.56,1.31,8.25,0.0,0.0,0.13,4.34,
Deebo Samuel,SFO,WR,24,7,5,0.0,0.0,0.0,1.14,3.71,3.25,0.0,6.29,4.71,55.9,0.14,0.0,0.14,11.5,
Jordan Akins,HOU,TE,28,13,5,0.0,0.0,0.0,0.08,0.31,4.0,0.0,3.77,2.85,31.0,0.08,0.0,0.08,6.44,
Quintez Cephus,DET,WR,22,13,2,0.0,0.0,0.0,0.0,0.0,,0.0,2.69,1.54,26.8,0.15,0.0,0.15,5.15,
Tyler Eifert,JAX,TE,30,15,4,0.0,0.0,0.0,0.0,0.0,,0.0,4.0,2.4,23.3,0.13,0.0,0.13,5.53,
Larry Fitzgerald,ARI,WR,37,13,13,0.0,0.0,0.0,0.0,0.0,,0.0,5.54,4.15,31.5,0.08,0.0,0.08,7.76,
Mark Ingram,BAL,RB,31,11,9,0.0,0.0,0.0,6.55,27.2,4.15,0.18,0.73,0.55,4.55,0.0,0.0,0.18,4.81,
Ty Johnson,2TM,RB,23,13,1,0.0,0.0,0.0,4.15,19.5,4.7,0.08,1.62,1.23,7.62,0.08,0.0,0.15,4.87,
Jordan Reed,SFO,TE,30,10,1,0.0,0.0,0.0,0.0,0.0,,0.0,4.6,2.6,23.1,0.4,0.0,0.4,7.31,
Richard Rodgers,PHI,TE,28,14,4,0.0,0.0,0.0,0.0,0.0,,0.0,2.21,1.71,24.6,0.14,0.0,0.14,5.04,
Kenny Golladay,DET,WR,27,5,5,0.0,0.0,0.0,0.0,0.0,,0.0,6.4,4.0,67.6,0.4,0.0,0.4,13.2,
Justin Jackson,LAC,RB,24,9,4,0.0,0.0,0.0,6.56,30.0,4.58,0.0,2.67,2.11,19.2,0.0,0.0,0.0,7.26,
Kyle Allen,WAS,QB,24,4,4,152.5,1.0,0.25,1.75,6.5,3.71,0.25,0.0,0.0,0.0,0.0,0.25,0.25,11.3,
Anthony Firkser,TEN,TE,25,16,1,0.0,0.0,0.0,0.0,0.0,,0.0,3.31,2.44,24.2,0.06,0.0,0.06,5.23,
Donovan Peoples-Jones,CLE,WR,21,12,2,0.0,0.0,0.0,0.0,0.0,,0.0,1.67,1.17,25.3,0.17,0.0,0.17,4.87,
Michael Thomas,NOR,WR,27,7,5,0.0,0.0,0.0,0.14,0.14,1.0,0.0,7.86,5.71,62.6,0.0,0.0,0.0,12.0,
Chris Herndon,NYJ,TE,24,16,13,0.0,0.0,0.0,0.0,0.0,,0.0,2.81,1.94,17.9,0.19,0.13,0.19,4.61,
Dawson Knox,BUF,TE,24,12,7,0.0,0.0,0.0,0.0,0.0,,0.0,3.67,2.0,24.0,0.25,0.17,0.25,5.57,
Zach Ertz,PHI,TE,30,11,11,0.0,0.0,0.0,0.0,0.0,,0.0,6.55,3.27,30.5,0.09,0.0,0.09,7.05,
Marvin Hall,2TM,WR,27,12,6,0.0,0.0,0.0,0.08,0.08,1.0,0.0,2.67,1.5,25.2,0.17,0.0,0.17,5.02,
La'Mical Perine,NYJ,RB,22,10,0,0.0,0.0,0.0,6.4,23.2,3.63,0.2,1.5,1.1,6.3,0.0,0.0,0.2,5.25,
Jack Doyle,IND,TE,30,14,12,0.0,0.0,0.0,0.0,0.0,,0.0,2.36,1.64,17.9,0.21,0.07,0.21,4.58,
N'Keal Harry,NWE,WR,23,14,9,0.0,0.0,0.0,0.14,0.0,0.0,0.0,4.07,2.36,22.1,0.14,0.07,0.14,5.28,
Jacob Hollister,SEA,TE,27,16,5,0.0,0.0,0.0,0.0,0.0,,0.0,2.5,1.56,13.1,0.19,0.0,0.19,4.12,
Richie James,SFO,WR,25,11,7,0.0,0.0,0.0,0.0,0.0,,0.0,3.18,2.09,35.8,0.09,0.18,0.09,5.85,
Collin Johnson,JAX,WR,23,14,0,0.0,0.0,0.0,0.0,0.0,,0.0,2.21,1.29,19.4,0.14,0.0,0.14,4.23,
Cameron Brate,TAM,TE,29,16,1,0.0,0.0,0.0,0.0,0.0,,0.0,2.13,1.75,17.6,0.13,0.0,0.13,4.26,
DeeJay Dallas,SEA,RB,22,12,2,0.0,0.0,0.0,2.83,9.0,3.18,0.17,1.67,1.42,9.25,0.08,0.0,0.25,4.74,
Ito Smith,ATL,RB,25,14,0,0.0,0.0,0.0,4.5,19.1,4.25,0.07,1.86,1.21,5.36,0.0,0.0,0.07,4.09,
DaeSean Hamilton,DEN,WR,25,16,2,0.0,0.0,0.0,0.0,0.0,,0.0,2.75,1.44,18.3,0.13,0.06,0.13,3.89,
Drew Sample,CIN,TE,24,16,13,0.0,0.0,0.0,0.0,0.0,,0.0,3.31,2.5,21.8,0.06,0.06,0.06,4.93,
Harrison Bryant,CLE,TE,22,15,9,0.0,0.0,0.0,0.0,0.0,,0.0,2.53,1.6,15.9,0.2,0.13,0.2,4.12,
AJ Dillon,GNB,RB,22,11,0,0.0,0.0,0.0,4.18,22.0,5.26,0.18,0.18,0.18,1.91,0.0,0.0,0.18,3.66,
Dion Lewis,NYG,RB,30,16,0,0.0,0.0,0.0,1.81,7.19,3.97,0.13,1.88,1.19,7.94,0.06,0.13,0.19,3.58,
Denzel Mims,NYJ,WR,23,9,8,0.0,0.0,0.0,0.0,0.0,,0.0,4.89,2.56,39.7,0.0,0.0,0.0,6.74,
Alfred Morris,NYG,RB,32,9,0,0.0,0.0,0.0,6.11,26.4,4.33,0.11,0.44,0.33,2.11,0.11,0.0,0.22,4.52,
Will Dissly,SEA,TE,24,16,12,0.0,0.0,0.0,0.0,0.0,,0.0,1.81,1.5,15.7,0.13,0.0,0.13,3.82,
Kyle Rudolph,MIN,TE,31,12,12,0.0,0.0,0.0,0.0,0.0,,0.0,3.08,2.33,27.8,0.08,0.08,0.08,5.45,
Darrel Williams,KAN,RB,25,16,0,0.0,0.0,0.0,2.44,10.6,4.33,0.06,1.63,1.13,7.25,0.0,0.0,0.06,3.41,
Julian Edelman,NWE,WR,34,6,1,6.33,0.0,0.0,0.33,3.67,11.0,0.0,6.5,3.5,52.5,0.0,0.0,0.0,9.37,
Adam Humphries,TEN,WR,27,7,1,0.0,0.0,0.0,0.0,0.0,,0.0,5.0,3.29,32.6,0.29,0.0,0.29,8.26,
Cedrick Wilson Jr.,DAL,WR,25,16,0,1.44,0.06,0.0,0.19,-0.75,-4.0,0.0,1.75,1.06,11.8,0.13,0.0,0.13,3.23,
Andy Isabella,ARI,WR,24,13,2,0.0,0.0,0.0,0.08,-0.46,-6.0,0.0,2.69,1.62,17.2,0.15,0.0,0.15,4.22,
Cole Kmet,CHI,TE,21,16,9,0.0,0.0,0.0,0.06,-0.19,-3.0,0.0,2.75,1.75,15.2,0.13,0.06,0.13,3.88,
Donald Parham,LAC,TE,23,13,5,0.0,0.0,0.0,0.0,0.0,,0.0,1.54,0.77,12.2,0.23,0.0,0.23,3.38,
Matt Breida,MIA,RB,25,12,1,0.0,0.0,0.0,4.92,21.2,4.31,0.0,0.83,0.75,8.0,0.0,0.08,0.0,3.5,
Devin Duvernay,BAL,WR,23,16,3,0.0,0.0,0.0,0.25,4.38,17.5,0.0,1.63,1.25,12.6,0.0,0.0,0.06,3.32,
David Njoku,CLE,TE,24,13,5,0.0,0.0,0.0,0.0,0.0,,0.0,2.23,1.46,16.4,0.15,0.0,0.15,4.02,
Adam Shaheen,MIA,TE,26,16,5,0.0,0.0,0.0,0.0,0.0,,0.0,1.38,0.75,9.38,0.19,0.0,0.19,2.81,
Durham Smythe,MIA,TE,25,15,13,0.0,0.0,0.0,0.0,0.0,,0.0,1.93,1.73,13.9,0.13,0.0,0.13,3.92,
Olamide Zaccheaus,ATL,WR,23,11,2,0.0,0.0,0.0,0.09,0.0,0.0,0.0,2.91,1.82,24.9,0.09,0.0,0.09,4.85,
Jeremy McNichols,TEN,RB,25,16,0,0.0,0.0,0.0,2.94,12.8,4.34,0.06,1.06,0.75,3.44,0.0,0.0,0.06,2.74,
Jalen Richard,LVR,RB,27,13,0,0.0,0.0,0.0,1.69,9.46,5.59,0.08,1.77,1.46,10.6,0.0,0.0,0.08,3.93,
Josh Adams,NYJ,RB,24,8,0,0.0,0.0,0.0,3.63,19.6,5.41,0.25,1.0,0.75,3.63,0.0,0.0,0.25,4.58,
Ross Dwelley,SFO,TE,25,16,9,0.0,0.0,0.0,0.0,0.0,,0.0,1.5,1.19,15.3,0.06,0.0,0.06,3.09,
DeSean Jackson,PHI,WR,34,5,5,0.0,0.0,0.0,0.2,2.4,12.0,0.0,5.2,2.8,47.2,0.2,0.0,0.2,8.96,
Chad Beebe,MIN,WR,26,14,0,0.0,0.0,0.0,0.0,0.0,,0.0,2.14,1.43,14.4,0.14,0.07,0.14,3.58,
Jeff Driskel,DEN,QB,27,3,1,144.0,1.0,0.67,2.0,9.33,4.67,0.0,0.0,0.0,0.0,0.0,0.0,0.0,10.0,
Chad Hansen,HOU,WR,25,5,2,0.0,0.0,0.0,0.0,0.0,,0.0,4.8,3.4,47.2,0.2,0.0,0.2,9.32,
Jordan Howard,2TM,RB,26,7,4,0.0,0.0,0.0,5.0,8.57,1.71,0.57,0.14,0.14,-0.43,0.0,0.0,0.57,4.39,
Tyler Kroft,BUF,TE,28,10,4,0.0,0.0,0.0,0.0,0.0,,0.0,1.6,1.2,11.9,0.3,0.0,0.3,4.19,
Greg Olsen,SEA,TE,35,11,8,0.0,0.0,0.0,0.0,0.0,,0.0,3.36,2.18,21.7,0.09,0.0,0.09,4.9,
Steven Sims,WAS,WR,23,12,2,0.0,0.0,0.0,0.08,1.5,18.0,0.0,3.08,2.25,22.1,0.08,0.17,0.08,4.77,
Devonta Freeman,NYG,RB,28,5,4,0.0,0.0,0.0,10.8,34.4,3.19,0.2,2.0,1.4,11.6,0.0,0.0,0.2,7.2,
Tyler Johnson,TAM,WR,22,14,3,0.0,0.0,0.0,0.0,0.0,,0.0,1.21,0.86,12.1,0.14,0.0,0.14,2.92,
Marcedes Lewis,GNB,TE,36,15,15,0.0,0.0,0.0,0.0,0.0,,0.0,1.13,0.67,7.13,0.2,0.0,0.2,2.58,
Pharaoh Brown,HOU,TE,26,13,9,0.0,0.0,0.0,0.0,0.0,,0.0,1.23,1.08,12.5,0.15,0.0,0.15,3.25,
Isaiah Ford,MIA,WR,24,10,1,0.0,0.0,0.0,0.0,0.0,,0.0,4.4,2.8,27.6,0.0,0.0,0.0,5.56,
Deonte Harty,NOR,WR,23,9,2,0.0,0.0,0.0,0.67,5.67,8.5,0.0,2.78,2.22,20.7,0.11,0.11,0.11,5.3,
Dontrelle Inman,WAS,WR,31,10,2,0.0,0.0,0.0,0.0,0.0,,0.0,2.8,1.8,16.3,0.2,0.0,0.2,4.63,
Van Jefferson,LAR,WR,24,16,0,0.0,0.0,0.0,0.06,-0.06,-1.0,0.0,1.94,1.19,13.8,0.06,0.0,0.06,2.93,
Jake Luton,JAX,QB,24,3,3,208.0,0.67,2.0,0.33,4.33,13.0,0.33,0.0,0.0,0.0,0.0,0.0,0.33,9.43,
Byron Pringle,KAN,WR,27,13,3,0.0,0.0,0.0,0.0,0.0,,0.0,1.31,1.0,12.3,0.08,0.0,0.15,3.15,
Rodney Smith,CAR,RB,24,7,1,0.0,0.0,0.0,5.86,22.3,3.8,0.14,1.57,1.29,8.43,0.0,0.0,0.14,5.21,
Freddie Swain,SEA,WR,22,16,1,0.0,0.0,0.0,0.0,0.0,,0.0,1.31,0.81,9.94,0.13,0.0,0.13,2.56,
O.J. Howard,TAM,TE,26,4,1,0.0,0.0,0.0,0.0,0.0,,0.0,4.75,2.75,36.5,0.5,0.0,0.5,9.4,
Mohamed Sanu,2TM,WR,31,10,4,0.0,0.0,0.0,0.1,0.3,3.0,0.0,2.4,1.7,18.7,0.1,0.0,0.1,4.4,
Lynn Bowden Jr.,MIA,RB,23,10,4,3.2,0.0,0.0,0.9,3.2,3.56,0.0,3.7,2.8,21.1,0.0,0.0,0.0,5.36,
Marcus Johnson,IND,WR,26,11,3,0.0,0.0,0.0,0.0,0.0,,0.0,2.55,1.27,23.2,0.0,0.0,0.0,3.59,
Marcus Mariota,LVR,QB,27,1,0,226.0,1.0,1.0,9.0,88.0,9.78,1.0,0.0,0.0,0.0,0.0,0.0,1.0,25.8,
Foster Moreau,LVR,TE,23,16,2,0.0,0.0,0.0,0.0,0.0,,0.0,0.56,0.44,8.75,0.13,0.0,0.13,2.06,
James O'Shaughnessy,JAX,TE,28,15,13,0.0,0.0,0.0,0.0,0.0,,0.0,2.53,1.87,17.5,0.0,0.0,0.0,3.61,
Darwin Thompson,KAN,RB,23,14,1,0.0,0.0,0.0,1.93,6.93,3.59,0.07,0.79,0.5,4.64,0.07,0.07,0.14,2.37,
Tyler Conklin,MIN,TE,25,16,2,0.0,0.0,0.0,0.0,0.0,,0.0,1.63,1.19,12.1,0.06,0.0,0.06,2.77,
Bryan Edwards,LVR,WR,22,12,3,0.0,0.0,0.0,0.0,0.0,,0.0,1.25,0.92,16.1,0.08,0.0,0.08,3.02,
Royce Freeman,DEN,RB,24,16,0,0.0,0.0,0.0,2.19,10.6,4.86,0.0,0.81,0.75,5.06,0.0,0.0,0.0,2.32,
Jesse James,DET,TE,26,16,7,0.0,0.0,0.0,0.0,0.0,,0.0,1.38,0.88,8.06,0.13,0.0,0.13,2.43,
Jamycal Hasty,SFO,RB,24,8,0,0.0,0.0,0.0,4.88,18.5,3.79,0.13,1.0,0.88,4.13,0.0,0.0,0.13,3.89,
Chad Henne,KAN,QB,35,3,1,82.7,0.67,0.0,2.33,-0.67,-0.29,0.33,0.0,0.0,0.0,0.0,0.0,0.33,7.9,
Travis Homer,SEA,RB,22,9,0,0.0,0.0,0.0,2.78,9.78,3.52,0.0,1.11,1.0,10.0,0.11,0.0,0.11,3.64,
Nick Boyle,BAL,TE,27,9,9,0.0,0.0,0.0,0.0,0.0,,0.0,1.89,1.56,12.6,0.22,0.0,0.22,4.14,
Zay Jones,LVR,WR,25,16,2,1.81,0.0,0.0,0.0,0.0,,0.0,1.25,0.88,9.63,0.06,0.0,0.06,2.29,
MyCole Pruitt,TEN,TE,28,11,4,0.0,0.0,0.0,0.0,0.0,,0.0,0.73,0.45,4.45,0.18,0.0,0.27,2.54,
Chris Thompson,JAX,RB,30,8,0,0.0,0.0,0.0,0.88,2.5,2.86,0.0,2.88,2.5,18.3,0.13,0.0,0.13,5.33,
Adam Trautman,NOR,TE,23,15,6,0.0,0.0,0.0,0.0,0.0,,0.0,1.07,1.0,11.4,0.07,0.0,0.07,2.54,
Ameer Abdullah,MIN,RB,27,16,0,0.0,0.0,0.0,0.5,2.63,5.25,0.0,0.56,0.5,3.63,0.13,0.0,0.13,1.88,
Mack Hollins,MIA,WR,27,16,2,0.0,0.0,0.0,0.0,0.0,,0.0,1.56,1.0,11.0,0.06,0.06,0.06,2.35,
Jacoby Brissett,IND,QB,28,11,0,1.55,0.0,0.0,1.55,1.73,1.12,0.27,0.0,0.0,0.0,0.0,0.0,0.27,1.87,
Marquez Callaway,NOR,WR,22,11,3,0.0,0.0,0.0,0.0,0.0,,0.0,2.45,1.91,19.4,0.0,0.0,0.0,3.85,
Olabisi Johnson,MIN,WR,23,16,3,0.0,0.0,0.0,0.0,0.0,,0.0,1.19,0.88,11.8,0.0,0.0,0.0,2.18,
Gunner Olszewski,NWE,WR,24,13,2,0.0,0.0,0.0,0.38,1.77,4.6,0.0,0.38,0.38,4.77,0.08,0.0,0.15,1.96,
Ian Thomas,CAR,TE,24,16,8,0.0,0.0,0.0,0.0,0.0,,0.0,1.94,1.25,9.06,0.06,0.0,0.06,2.53,
Alex Collins,SEA,RB,26,3,1,0.0,0.0,0.0,6.0,25.7,4.28,0.67,0.67,0.33,1.33,0.0,0.0,0.67,7.03,
Dare Ogunbowale,JAX,RB,26,14,2,0.0,0.0,0.0,2.29,10.4,4.53,0.0,1.43,0.71,3.86,0.0,0.0,0.0,2.14,
Kenny Stills,HOU,WR,28,10,0,0.0,0.0,0.0,0.0,0.0,,0.0,1.9,1.1,14.4,0.1,0.0,0.1,3.14,
Antonio Williams,BUF,RB,23,1,0,0.0,0.0,0.0,12.0,63.0,5.25,2.0,1.0,1.0,20.0,0.0,0.0,2.0,21.3,
Ryan Finley,CIN,QB,26,5,1,32.8,0.2,0.4,2.2,13.2,6.0,0.2,0.0,0.0,0.0,0.0,0.0,0.2,3.84,
John Hightower,PHI,WR,24,13,4,0.0,0.0,0.0,0.08,0.08,1.0,0.0,2.23,0.77,12.8,0.0,0.0,0.0,2.22,
Jason Witten,LVR,TE,38,16,7,0.0,0.0,0.0,0.0,0.0,,0.0,1.06,0.81,4.31,0.13,0.0,0.13,1.99,
Isaiah Wright,WAS,WR,23,14,6,0.0,0.0,0.0,0.21,1.14,5.33,0.0,2.5,1.93,14.1,0.0,0.07,0.0,3.31,
Cameron Batson,TEN,WR,25,12,1,0.0,0.0,0.0,0.33,1.67,5.0,0.0,1.08,1.0,8.33,0.08,0.0,0.08,2.5,
C.J. Ham,MIN,RB,27,15,11,0.0,0.0,0.0,0.33,1.2,3.6,0.0,0.87,0.53,6.47,0.07,0.0,0.07,1.7,
KhaDarel Hodge,CLE,WR,25,9,0,0.0,0.0,0.0,0.0,0.0,,0.0,1.89,1.22,20.0,0.0,0.0,0.0,3.22,
Ryan Izzo,NWE,TE,25,12,12,0.0,0.0,0.0,0.0,0.0,,0.0,1.67,1.08,16.6,0.0,0.08,0.0,2.57,
Alshon Jeffery,PHI,WR,30,7,2,0.0,0.0,0.0,0.0,0.0,,0.0,1.86,0.86,16.4,0.14,0.0,0.14,3.36,
D'Ernest Johnson,CLE,RB,24,16,0,0.0,0.0,0.0,2.06,10.4,5.03,0.0,0.25,0.19,0.88,0.0,0.0,0.0,1.31,
Colt McCoy,NYG,QB,34,4,2,93.8,0.25,0.25,2.25,3.0,1.33,0.0,0.0,0.0,0.0,0.0,0.25,0.0,4.55,
Albert Okwuegbunam,DEN,TE,22,4,0,0.0,0.0,0.0,0.0,0.0,,0.0,3.75,2.75,30.3,0.25,0.0,0.25,7.28,
Brandon Powell,ATL,WR,25,15,1,0.0,0.0,0.0,0.13,0.47,3.5,0.0,1.2,0.8,4.6,0.13,0.07,0.13,1.97,
Kalif Raymond,TEN,WR,26,15,3,0.0,0.0,0.0,0.07,-0.2,-3.0,0.0,1.0,0.6,12.5,0.0,0.0,0.0,1.83,
Mason Rudolph,PIT,QB,25,5,1,64.8,0.4,0.2,1.4,-1.2,-0.86,0.0,0.0,0.0,0.0,0.0,0.0,0.0,3.68,
Equanimeous St. Brown,GNB,WR,24,12,1,0.0,0.0,0.0,0.08,0.58,7.0,0.0,1.08,0.58,9.75,0.08,0.0,0.08,2.12,
Ke'Shawn Vaughn,TAM,RB,23,10,0,0.0,0.0,0.0,2.6,10.9,4.19,0.0,1.0,0.5,3.4,0.1,0.1,0.1,2.33,
JJ Arcega-Whiteside,PHI,WR,24,8,0,0.0,0.0,0.0,0.0,0.0,,0.0,1.0,0.5,10.6,0.0,0.0,0.13,2.56,
Dez Bryant,BAL,WR,32,6,0,0.0,0.0,0.0,0.0,0.0,,0.0,1.83,1.0,7.83,0.33,0.0,0.33,3.78,
Alec Ingold,LVR,RB,24,16,4,0.0,0.0,0.0,0.19,0.25,1.33,0.0,1.06,0.75,6.88,0.06,0.0,0.06,1.84,
KeeSean Johnson,ARI,WR,24,8,1,0.0,0.0,0.0,0.0,0.0,,0.0,2.88,1.88,21.6,0.0,0.0,0.0,4.04,
Anthony McFarland Jr.,PIT,RB,21,11,0,0.0,0.0,0.0,3.0,10.3,3.42,0.0,0.82,0.55,4.91,0.0,0.0,0.0,2.06,
Jeff Smith,NYJ,WR,23,12,4,0.0,0.0,0.0,0.0,0.0,,0.0,3.08,1.42,13.9,0.0,0.0,0.0,2.81,
Jace Sternberger,GNB,TE,24,12,0,0.0,0.0,0.0,0.0,0.0,,0.0,1.25,1.0,9.5,0.08,0.0,0.08,2.45,
Mike Thomas,CIN,WR,26,14,0,0.0,0.0,0.0,0.07,0.07,1.0,0.0,1.5,0.93,9.43,0.07,0.07,0.07,2.16,
Laquon Treadwell,ATL,WR,25,5,0,0.0,0.0,0.0,0.0,0.0,,0.0,1.4,1.2,9.8,0.4,0.0,0.4,4.58,
Quez Watkins,PHI,WR,22,6,0,0.0,0.0,0.0,0.0,0.0,,0.0,2.17,1.17,17.7,0.17,0.0,0.17,3.93,
Trayveon Williams,CIN,RB,23,10,0,0.0,0.0,0.0,2.6,15.7,6.04,0.0,0.5,0.5,3.0,0.0,0.1,0.0,2.17,
Jamal Agnew,DET,WR,25,14,2,0.0,0.0,0.0,0.43,2.36,5.5,0.0,1.43,0.93,6.36,0.0,0.07,0.07,2.09,
Noah Brown,DAL,WR,24,16,1,0.0,0.0,0.0,0.06,0.25,4.0,0.0,1.5,0.88,9.63,0.0,0.0,0.0,1.86,
Corey Clement,PHI,RB,26,15,0,0.0,0.0,0.0,1.4,5.0,3.57,0.07,0.4,0.33,1.67,0.0,0.0,0.07,1.4,
D'Onta Foreman,TEN,RB,24,6,0,0.0,0.0,0.0,3.67,15.8,4.32,0.0,0.17,0.17,0.83,0.17,0.0,0.17,2.83,
Malcolm Perry,MIA,RB,23,9,2,0.0,0.0,0.0,0.33,0.56,1.67,0.0,1.44,1.0,10.2,0.11,0.0,0.11,2.74,
Lee Smith,BUF,WR,33,10,2,0.0,0.0,0.0,0.0,0.0,,0.0,0.6,0.4,3.5,0.2,0.0,0.2,1.95,
Nick Vannett,DEN,TE,27,15,11,0.0,0.0,0.0,0.0,0.0,,0.0,1.4,0.93,6.33,0.07,0.0,0.07,1.97,
Maxx Williams,ARI,TE,26,9,8,0.0,0.0,0.0,0.0,0.0,,0.0,1.11,0.89,11.3,0.11,0.0,0.11,2.69,
Reggie Bonnafon,CAR,RB,24,2,0,0.0,0.0,0.0,6.0,34.5,5.75,0.0,1.0,1.0,9.0,0.5,0.0,0.5,8.35,
Darrell Daniels,ARI,TE,26,12,8,0.0,0.0,0.0,0.0,0.0,,0.0,0.92,0.67,7.67,0.08,0.0,0.08,1.93,
Tyler Ervin,GNB,RB,27,8,0,0.0,0.0,0.0,1.63,8.38,5.15,0.0,1.88,1.38,10.5,0.0,0.0,0.0,3.26,
Blaine Gabbert,TAM,QB,31,4,0,35.8,0.5,0.0,2.25,4.0,1.78,0.0,0.0,0.0,0.0,0.0,0.0,0.0,3.83,
Garrett Gilbert,DAL,QB,29,1,1,243.0,1.0,1.0,3.0,28.0,9.33,0.0,0.0,0.0,0.0,0.0,0.0,0.0,14.5,
Gabe Nabers,LAC,RB,23,16,5,0.0,0.0,0.0,0.13,0.44,3.5,0.0,0.44,0.31,1.56,0.13,0.0,0.13,1.26,
Auden Tate,CIN,WR,23,9,2,0.0,0.0,0.0,0.0,0.0,,0.0,2.44,1.56,16.7,0.0,0.0,0.0,3.22,
C.J. Uzomah,CIN,TE,27,2,2,0.0,0.0,0.0,0.0,0.0,,0.0,5.5,4.0,43.5,0.5,0.0,0.5,11.3,
T.J. Yeldon,BUF,RB,27,3,0,0.0,0.0,0.0,3.33,23.3,7.0,0.0,1.33,0.33,7.33,0.33,0.0,0.33,5.4,
Christian Blake,ATL,WR,24,16,0,0.0,0.0,0.0,0.0,0.0,,0.0,1.13,0.81,8.81,0.0,0.0,0.0,1.69,
Darrynton Evans,TEN,RB,22,5,0,0.0,0.0,0.0,2.8,10.8,3.86,0.0,0.8,0.4,5.4,0.2,0.0,0.2,3.22,
Troy Fumagalli,DEN,TE,25,8,0,0.0,0.0,0.0,0.0,0.0,,0.0,1.88,1.0,10.0,0.13,0.0,0.13,2.75,
Geoff Swaim,TEN,TE,27,10,8,0.0,0.0,0.0,0.0,0.0,,0.0,1.2,0.9,8.3,0.1,0.0,0.1,2.33,
Malik Taylor,GNB,WR,25,15,1,0.0,0.0,0.0,0.07,0.6,9.0,0.0,0.4,0.33,4.4,0.07,0.0,0.07,1.23,
Mike Boone,MIN,RB,25,16,0,0.0,0.0,0.0,0.69,3.69,5.36,0.06,0.13,0.13,0.63,0.0,0.0,0.06,0.93,
De'Michael Harris,IND,WR,22,7,0,0.0,0.0,0.0,0.86,6.57,7.67,0.0,1.43,1.43,11.3,0.0,0.0,0.0,3.21,
LeSean McCoy,TAM,RB,32,10,0,0.0,0.0,0.0,1.0,3.1,3.1,0.0,1.9,1.5,10.1,0.0,0.0,0.0,2.82,
Ty Montgomery,NOR,WR,27,6,1,0.0,0.0,0.0,3.17,16.8,5.32,0.0,1.0,0.5,4.5,0.0,0.0,0.0,2.63,
Ryan Nall,CHI,RB,25,16,0,0.0,0.0,0.0,0.19,0.0,0.0,0.0,0.56,0.5,4.19,0.06,0.0,0.06,1.29,
Jarrett Stidham,NWE,QB,24,5,0,51.2,0.4,0.6,1.4,1.4,1.0,0.0,0.0,0.0,0.0,0.0,0.0,0.0,2.58,
John Wolford,LAR,QB,25,1,1,231.0,0.0,1.0,6.0,56.0,9.33,0.0,0.0,0.0,0.0,0.0,0.0,0.0,12.8,
Tarik Cohen,CHI,RB,25,3,0,0.0,0.0,0.0,4.67,24.7,5.29,0.0,3.0,2.0,13.7,0.0,0.0,0.0,5.83,
Chase Daniel,DET,QB,34,4,0,66.0,0.25,0.5,0.5,4.0,8.0,0.0,0.0,0.0,0.0,0.0,0.0,0.0,3.05,
Taylor Heinicke,WAS,QB,27,1,0,137.0,1.0,0.0,3.0,22.0,7.33,0.0,0.0,0.0,0.0,0.0,0.0,0.0,11.7,
Chris Hogan,NYJ,WR,33,5,4,0.0,0.0,0.0,0.0,0.0,,0.0,5.2,2.8,23.6,0.0,0.0,0.0,5.16,
Patrick Laird,MIA,RB,25,16,0,0.0,0.0,0.0,0.81,4.5,5.54,0.0,0.75,0.63,4.25,0.0,0.06,0.0,1.38,
Ray-Ray McCloud,PIT,WR,24,16,2,0.0,0.0,0.0,0.25,4.06,16.25,0.0,1.38,1.25,4.81,0.0,0.06,0.0,2.01,
Dante Pettis,2TM,WR,25,7,1,0.0,0.0,0.0,0.0,0.0,,0.0,0.86,0.57,10.9,0.14,0.14,0.14,2.23,
Troymaine Pope,LAC,RB,27,6,0,0.0,0.0,0.0,2.5,12.7,5.07,0.0,1.67,1.33,7.0,0.0,0.0,0.0,3.3,
DeAndre Washington,2TM,RB,27,4,1,0.0,0.0,0.0,7.75,22.8,2.94,0.0,2.5,1.25,7.5,0.0,0.0,0.0,4.28,
Stephen Anderson,LAC,TE,27,16,3,0.0,0.0,0.0,0.0,0.0,,0.0,0.69,0.5,6.63,0.0,0.0,0.0,1.16,
Blake Bell,DAL,TE,29,16,2,0.0,0.0,0.0,0.06,0.13,2.0,0.0,0.94,0.69,6.88,0.0,0.0,0.0,1.39,
Alex Erickson,CIN,WR,28,16,2,0.0,0.0,0.0,0.31,0.44,1.4,0.0,1.06,0.75,8.69,0.0,0.13,0.0,1.41,
Virgil Green,LAC,TE,32,6,3,0.0,0.0,0.0,0.0,0.0,,0.0,1.0,0.5,8.33,0.17,0.0,0.17,2.33,
Josh Hill,NOR,TE,30,14,7,0.0,0.0,0.0,0.0,0.0,,0.0,0.71,0.57,3.29,0.07,0.0,0.07,1.33,
Lil'Jordan Humphrey,NOR,WR,22,3,1,0.0,0.0,0.0,0.0,0.0,,0.0,1.67,1.0,15.3,0.33,0.0,0.33,4.53,
Brett Rypien,DEN,QB,24,3,1,98.3,0.67,1.33,1.67,-1.67,-1.0,0.0,0.0,0.0,0.0,0.0,0.0,0.0,3.77,
Kaden Smith,NYG,TE,23,15,12,0.0,0.0,0.0,0.0,0.0,,0.0,1.4,1.2,7.47,0.0,0.0,0.0,1.95,
Diontae Spencer,DEN,WR,28,11,0,0.0,0.0,0.0,0.27,1.73,6.33,0.0,0.55,0.27,2.36,0.0,0.0,0.09,1.23,
J.J. Taylor,NWE,RB,22,6,0,0.0,0.0,0.0,3.83,18.3,4.78,0.0,0.33,0.17,0.67,0.0,0.0,0.0,2.07,
Javon Wims,CHI,WR,26,13,1,0.0,0.0,0.0,0.08,0.15,2.0,0.0,0.92,0.46,3.69,0.08,0.0,0.08,1.31,
Devin Asiasi,NWE,TE,23,9,3,0.0,0.0,0.0,0.0,0.0,,0.0,0.78,0.22,4.33,0.11,0.0,0.11,1.32,
C.J. Board,NYG,WR,27,14,4,0.0,0.0,0.0,0.07,0.21,3.0,0.0,1.14,0.79,7.21,0.0,0.0,0.0,1.53,
Jakob Johnson,NWE,RB,26,16,11,0.0,0.0,0.0,0.0,0.0,,0.0,0.56,0.5,2.19,0.06,0.0,0.06,1.09,
Vance McDonald,PIT,TE,30,14,12,0.0,0.0,0.0,0.0,0.0,,0.0,1.43,1.07,7.07,0.0,0.0,0.0,1.78,
Brandon Zylstra,CAR,WR,27,16,2,0.0,0.0,0.0,0.06,0.06,1.0,0.0,0.25,0.19,2.19,0.0,0.0,0.06,0.79,
Matt Barkley,BUF,QB,30,5,0,39.4,0.2,0.2,1.2,-1.2,-1.0,0.0,0.0,0.0,0.0,0.0,0.0,0.0,1.86,
Saquon Barkley,NYG,RB,23,2,2,0.0,0.0,0.0,9.5,17.0,1.79,0.0,4.5,3.0,30.0,0.0,0.0,0.0,7.7,
Parris Campbell,IND,WR,23,2,2,0.0,0.0,0.0,1.0,8.0,8.0,0.0,4.5,3.0,35.5,0.0,0.0,0.0,7.35,
Austin Carr,NOR,WR,27,6,0,0.0,0.0,0.0,0.0,0.0,,0.0,0.67,0.5,4.5,0.17,0.0,0.17,1.95,
Tevin Coleman,SFO,RB,27,8,1,0.0,0.0,0.0,3.5,6.63,1.89,0.0,0.63,0.5,4.25,0.0,0.0,0.0,1.59,
Dominique Dafney,GNB,TE,23,5,2,0.0,0.0,0.0,0.0,0.0,,0.0,0.4,0.4,5.2,0.2,0.0,0.2,2.12,
Ryan Griffin,NYJ,TE,30,15,6,0.0,0.0,0.0,0.0,0.0,,0.0,0.8,0.6,5.73,0.0,0.0,0.0,1.17,
Austin Mack,NYG,WR,23,11,1,0.0,0.0,0.0,0.0,0.0,,0.0,1.0,0.64,8.27,0.0,0.0,0.0,1.46,
Trace McSorley,BAL,QB,25,2,0,45.0,0.5,0.0,2.5,8.5,3.4,0.0,0.0,0.0,0.0,0.0,0.0,0.0,4.65,
Artavis Pierce,CHI,RB,24,5,0,0.0,0.0,0.0,1.2,6.8,5.67,0.2,0.0,0.0,0.0,0.0,0.0,0.2,1.88,
Joe Reed,LAC,WR,22,11,0,0.0,0.0,0.0,0.45,2.64,5.8,0.09,0.09,0.0,0.0,0.0,0.0,0.09,0.81,
Trent Taylor,SFO,WR,26,12,1,0.0,0.0,0.0,0.0,0.0,,0.0,1.75,0.83,7.17,0.0,0.0,0.0,1.55,
Tyrod Taylor,LAC,QB,31,2,1,104.0,0.0,0.0,3.0,3.5,1.17,0.0,0.0,0.0,0.0,0.0,0.0,0.0,4.5,
P.J. Walker,CAR,QB,25,4,1,92.0,0.25,1.25,1.25,-0.5,-0.4,0.0,0.25,0.0,0.0,0.0,0.0,0.0,2.13,
Justin Watson,TAM,WR,24,11,2,0.0,0.0,0.0,0.0,0.0,,0.0,1.0,0.64,8.55,0.0,0.0,0.0,1.49,
Reggie Gilliam,BUF,RB,23,14,0,0.0,0.0,0.0,0.0,0.0,,0.0,0.14,0.14,1.14,0.07,0.0,0.07,0.69,
Justice Hill,BAL,RB,23,12,0,0.0,0.0,0.0,1.0,5.0,5.0,0.0,0.42,0.42,1.67,0.0,0.0,0.0,1.08,
Jake Kumerow,BUF,WR,28,6,0,0.0,0.0,0.0,0.0,0.0,,0.0,0.17,0.17,3.67,0.17,0.0,0.17,1.53,
C.J. Prosise,HOU,RB,26,10,0,0.0,0.0,0.0,1.0,1.9,1.9,0.0,0.5,0.5,1.8,0.1,0.1,0.1,1.27,
Patrick Ricard,BAL,RB,26,15,10,0.0,0.0,0.0,0.07,-0.07,-1.0,0.0,0.8,0.6,3.0,0.07,0.07,0.07,1.16,
Chris Streveler,ARI,QB,25,5,0,21.0,0.2,0.2,0.8,3.0,3.75,0.0,0.0,0.0,0.0,0.0,0.0,0.0,1.54,
Pharoh Cooper,CAR,WR,25,16,1,0.0,0.0,0.0,0.0,0.0,,0.0,0.5,0.31,4.56,0.0,0.0,0.0,0.77,
Ben DiNucci,DAL,QB,24,3,1,73.0,0.0,0.0,2.0,7.33,3.67,0.0,0.0,0.0,0.0,0.0,0.67,0.0,2.33,
Buddy Howell,HOU,RB,24,14,0,0.0,0.0,0.0,1.14,4.57,4.0,0.0,0.14,0.07,0.21,0.0,0.0,0.0,0.55,
Jaylen Samuels,PIT,RB,24,14,1,0.0,0.0,0.0,0.64,2.0,3.11,0.0,1.0,0.64,3.29,0.0,0.0,0.0,1.17,
Anthony Sherman,KAN,RB,32,13,1,0.0,0.0,0.0,0.23,0.62,2.67,0.0,0.15,0.08,0.38,0.08,0.0,0.08,0.64,
Keith Smith,ATL,RB,28,16,7,0.0,0.0,0.0,0.25,0.44,1.75,0.0,0.94,0.69,3.69,0.0,0.0,0.0,1.1,
Courtland Sutton,DEN,WR,25,1,1,0.0,0.0,0.0,0.0,0.0,,0.0,6.0,3.0,66.0,0.0,0.0,0.0,9.6,
Colin Thompson,CAR,TE,27,15,4,0.0,0.0,0.0,0.0,0.0,,0.0,0.13,0.07,0.47,0.07,0.0,0.07,0.51,
Jonathan Ward,ARI,RB,23,14,0,0.0,0.0,0.0,0.0,0.0,,0.0,0.07,0.07,0.79,0.07,0.0,0.07,0.58,
Ja'Marcus Bradley,CLE,WR,24,3,1,0.0,0.0,0.0,0.0,0.0,,0.0,3.67,1.67,20.0,0.0,0.0,0.0,3.67,
Tyrie Cleveland,DEN,WR,23,10,0,0.0,0.0,0.0,0.0,0.0,,0.0,0.9,0.6,6.3,0.0,0.0,0.0,1.23,
Jason Croom,PHI,TE,26,4,0,0.0,0.0,0.0,0.0,0.0,,0.0,0.25,0.25,0.75,0.25,0.0,0.25,1.82,
Ashton Dulin,IND,WR,23,13,0,0.0,0.0,0.0,0.15,0.85,5.5,0.0,0.46,0.23,4.08,0.0,0.0,0.0,0.72,
Marlon Mack,IND,RB,24,1,1,0.0,0.0,0.0,4.0,26.0,6.5,0.0,3.0,3.0,30.0,0.0,0.0,0.0,8.6,
Jaydon Mickens,TAM,WR,26,10,0,0.0,0.0,0.0,0.0,0.0,,0.0,1.0,0.7,5.8,0.0,0.0,0.0,1.28,
Steven Mitchell,HOU,WR,26,6,1,0.0,0.0,0.0,0.0,0.0,,0.0,1.33,0.83,10.0,0.0,0.0,0.0,1.83,
Damion Ratley,NYG,WR,25,5,0,0.0,0.0,0.0,0.0,0.0,,0.0,2.0,0.8,12.6,0.0,0.0,0.0,2.06,
Theo Riddick,LVR,RB,29,4,0,0.0,0.0,0.0,1.5,3.5,2.33,0.0,1.5,1.25,10.8,0.0,0.0,0.0,2.67,
Luke Stocker,ATL,TE,32,16,13,0.0,0.0,0.0,0.0,0.0,,0.0,0.69,0.44,3.94,0.0,0.0,0.0,0.83,
Jordan Thomas,2TM,TE,24,6,0,0.0,0.0,0.0,0.0,0.0,,0.0,0.33,0.17,0.5,0.17,0.0,0.17,1.22,
Michael Burton,NOR,RB,28,15,4,0.0,0.0,0.0,0.47,1.2,2.57,0.0,0.27,0.27,1.87,0.0,0.0,0.0,0.57,
Trenton Cannon,CAR,RB,26,14,0,0.0,0.0,0.0,0.71,2.36,3.3,0.0,0.21,0.21,1.14,0.0,0.0,0.0,0.56,
Cethan Carter,CIN,TE,25,15,5,0.0,0.0,0.0,0.0,0.0,,0.0,0.47,0.33,3.53,0.0,0.0,0.0,0.69,
Demetrius Harris,CHI,TE,29,15,5,0.0,0.0,0.0,0.0,0.0,,0.0,0.93,0.47,3.0,0.0,0.0,0.0,0.77,
Dontrell Hilliard,2TM,RB,25,7,0,0.0,0.0,0.0,1.29,6.86,5.33,0.0,0.14,0.14,0.29,0.0,0.0,0.0,0.86,
K.J. Hill,LAC,WR,23,15,0,0.0,0.0,0.0,0.0,0.0,,0.0,0.73,0.47,4.87,0.0,0.07,0.0,0.82,
Chris Manhertz,CAR,TE,28,16,12,0.0,0.0,0.0,0.0,0.0,,0.0,0.5,0.38,3.25,0.0,0.0,0.0,0.7,
Johnny Mundt,LAR,TE,26,16,1,0.0,0.0,0.0,0.0,0.0,,0.0,0.25,0.25,3.31,0.0,0.0,0.0,0.58,
Trent Sherfield,ARI,WR,24,15,1,0.0,0.0,0.0,0.0,0.0,,0.0,0.47,0.33,3.33,0.0,0.0,0.0,0.67,
Levine Toilolo,NYG,TE,29,16,2,0.0,0.0,0.0,0.0,0.0,,0.0,0.38,0.31,2.88,0.0,0.0,0.0,0.6,
Nick Westbrook-Ikhine,TEN,WR,23,14,1,0.0,0.0,0.0,0.0,0.0,,0.0,0.57,0.21,2.36,0.0,0.0,0.0,0.59,
Isaiah Zuber,NWE,WR,23,4,0,0.0,0.0,0.0,0.5,5.25,10.5,0.0,0.5,0.5,7.25,0.0,0.0,0.0,1.75,
Khari Blasingame,TEN,RB,24,15,7,0.0,0.0,0.0,0.0,0.0,,0.0,0.33,0.27,2.6,0.0,0.0,0.0,0.53,
Hunter Bryant,DET,TE,22,5,0,0.0,0.0,0.0,0.0,0.0,,0.0,0.6,0.2,8.8,0.0,0.0,0.0,1.08,
Lawrence Cager,NYJ,WR,23,2,1,0.0,0.0,0.0,0.0,0.0,,0.0,3.0,1.0,17.5,0.0,0.0,0.0,2.75,
River Cracraft,SFO,WR,26,9,1,0.0,0.0,0.0,0.0,0.0,,0.0,1.0,0.67,4.56,0.0,0.0,0.0,1.12,
Robert Foster,WAS,WR,26,4,2,0.0,0.0,0.0,0.0,0.0,,0.0,1.5,0.5,9.25,0.0,0.0,0.0,1.43,
Ted Ginn Jr.,CHI,WR,35,6,0,0.0,0.0,0.0,0.0,0.0,,0.0,1.0,0.5,6.67,0.0,0.0,0.0,1.17,
Terry Godwin,JAX,WR,24,3,0,0.0,0.0,0.0,0.33,1.0,3.0,0.0,2.0,1.0,10.7,0.0,0.0,0.0,2.17,
Tanner Hudson,TAM,TE,26,11,0,0.0,0.0,0.0,0.0,0.0,,0.0,0.64,0.27,3.73,0.0,0.0,0.0,0.65,
Juwan Johnson,NOR,TE,24,7,4,0.0,0.0,0.0,0.0,0.0,,0.0,1.43,0.57,5.57,0.0,0.0,0.0,1.13,
Nick Keizer,KAN,TE,25,16,3,0.0,0.0,0.0,0.0,0.0,,0.0,0.56,0.38,3.94,0.0,0.06,0.0,0.64,
Devine Ozigbo,JAX,RB,24,8,0,0.0,0.0,0.0,0.13,0.13,1.0,0.0,1.13,1.13,5.25,0.0,0.0,0.0,1.66,
Elijhaa Penny,NYG,RB,27,14,0,0.0,0.0,0.0,0.43,1.07,2.5,0.0,0.21,0.14,1.43,0.0,0.0,0.0,0.39,
Riley Ridley,CHI,WR,24,5,1,0.0,0.0,0.0,0.0,0.0,,0.0,0.8,0.8,7.8,0.0,0.0,0.0,1.58,
Kahale Warring,HOU,TE,23,7,0,0.0,0.0,0.0,0.0,0.0,,0.0,1.0,0.43,5.0,0.0,0.0,0.0,0.93,
Charlie Woerner,SFO,TE,23,14,0,0.0,0.0,0.0,0.0,0.0,,0.0,0.29,0.21,2.57,0.0,0.0,0.0,0.47,
Deon Yelder,KAN,TE,25,14,1,0.0,0.0,0.0,0.0,0.0,,0.0,0.79,0.5,2.57,0.0,0.0,0.0,0.76,
Alex Armah,CAR,RB,26,16,1,0.0,0.0,0.0,0.38,0.56,1.5,0.0,0.56,0.31,1.13,0.0,0.0,0.0,0.48,
Daniel Brown,NYJ,WR,28,16,1,0.0,0.0,0.0,0.0,0.0,,0.0,0.13,0.13,1.94,0.0,0.0,0.0,0.32,
Stephen Carlson,CLE,TE,24,16,2,0.0,0.0,0.0,0.0,0.0,,0.0,0.13,0.06,0.69,0.0,0.0,0.0,0.26,
Ben Ellefson,JAX,TE,24,7,4,0.0,0.0,0.0,0.0,0.0,,0.0,0.57,0.14,1.43,0.0,0.0,0.0,0.57,
Antonio Gandy-Golden,WAS,WR,22,6,2,0.0,0.0,0.0,0.17,3.67,22.0,0.0,1.17,0.17,0.5,0.0,0.0,0.0,0.58,
Jaeden Graham,ATL,TE,25,16,0,0.0,0.0,0.0,0.0,0.0,,0.0,0.31,0.19,1.56,0.0,0.0,0.0,0.34,
Robert Griffin III,BAL,QB,30,4,1,10.5,0.0,0.5,3.0,17.3,5.75,0.0,0.0,0.0,0.0,0.0,0.25,0.0,0.65,
Tyler Huntley,BAL,QB,22,2,0,7.5,0.0,0.0,5.0,11.5,2.3,0.0,0.0,0.0,0.0,0.0,0.0,0.0,1.45,
Josh Malone,NYJ,WR,24,4,0,0.0,0.0,0.0,0.25,3.0,12.0,0.0,1.5,1.0,4.0,0.0,0.0,0.0,1.7,
Rashaad Penny,SEA,RB,24,3,0,0.0,0.0,0.0,3.67,11.3,3.09,0.0,0.0,0.0,0.0,0.0,0.0,0.0,1.13,
Seth Roberts,CAR,WR,29,7,1,0.0,0.0,0.0,0.0,0.0,,0.0,0.86,0.57,4.43,0.0,0.0,0.0,1.01,
Bo Scarbrough,SEA,RB,26,1,0,0.0,0.0,0.0,6.0,31.0,5.17,0.0,0.0,0.0,0.0,0.0,0.0,0.0,3.1,
Darrius Shepherd,GNB,WR,25,8,0,0.0,0.0,0.0,0.0,0.0,,0.0,1.0,0.63,5.75,0.0,0.13,0.0,0.95,
Austin Walter,SFO,RB,24,4,0,0.0,0.0,0.0,0.25,0.75,3.0,0.0,0.25,0.25,6.75,0.0,0.0,0.0,1.0,
LeVante Bellamy,DEN,RB,24,5,0,0.0,0.0,0.0,0.8,2.2,2.75,0.0,0.2,0.2,1.0,0.0,0.0,0.0,0.52,
David Blough,DET,QB,25,1,0,49.0,0.0,1.0,1.0,18.0,18.0,0.0,0.0,0.0,0.0,0.0,0.0,0.0,1.8,
Deontay Burnett,PHI,WR,23,2,0,0.0,0.0,0.0,0.0,0.0,,0.0,2.0,1.5,9.5,0.0,0.0,0.0,2.45,
Antonio Callaway,MIA,WR,23,5,1,0.0,0.0,0.0,0.0,0.0,,0.0,0.8,0.4,4.0,0.0,0.0,0.0,0.8,
Joshua Dobbs,PIT,QB,25,1,0,2.0,0.0,0.0,2.0,20.0,10.0,0.0,0.0,0.0,0.0,0.0,0.0,0.0,2.1,
Rico Dowdle,DAL,RB,22,15,0,0.0,0.0,0.0,0.47,1.6,3.43,0.0,0.0,0.0,0.0,0.0,0.0,0.0,0.16,
Daurice Fountain,IND,WR,25,5,0,0.0,0.0,0.0,0.0,0.0,,0.0,0.6,0.4,4.6,0.0,0.0,0.0,0.86,
Penny Hart,SEA,WR,24,13,0,0.0,0.0,0.0,0.08,1.46,19.0,0.0,0.08,0.08,0.23,0.0,0.0,0.0,0.25,
Brian Hoyer,NWE,QB,35,1,1,130.0,0.0,1.0,1.0,8.0,8.0,0.0,0.0,0.0,0.0,0.0,1.0,0.0,2.0,
Jason Huntley,PHI,RB,22,5,0,0.0,0.0,0.0,1.0,3.8,3.8,0.0,0.4,0.2,0.0,0.0,0.0,0.0,0.58,
Andy Janovich,CLE,RB,27,14,3,0.0,0.0,0.0,0.14,0.29,2.0,0.0,0.36,0.14,0.93,0.0,0.0,0.0,0.26,
Case Keenum,CLE,QB,32,2,0,23.0,0.0,0.0,0.0,0.0,,0.0,0.0,0.0,0.0,0.0,0.0,0.0,0.9,
Dalton Keene,NWE,TE,21,6,0,0.0,0.0,0.0,0.0,0.0,,0.0,0.83,0.5,2.67,0.0,0.0,0.0,0.77,
Tommylee Lewis,NOR,WR,28,5,0,0.0,0.0,0.0,0.4,2.8,7.0,0.0,0.6,0.2,1.0,0.0,0.0,0.0,0.58,
Donte Moncrief,NWE,WR,27,6,0,0.0,0.0,0.0,0.17,0.67,4.0,0.0,0.33,0.17,2.5,0.0,0.0,0.0,0.48,
Colby Parkinson,SEA,TE,21,6,0,0.0,0.0,0.0,0.0,0.0,,0.0,0.33,0.33,2.67,0.0,0.0,0.0,0.6,
Nathan Peterman,LVR,QB,26,1,0,25.0,0.0,0.0,1.0,9.0,9.0,0.0,0.0,0.0,0.0,0.0,0.0,0.0,1.9,
Scottie Phillips,HOU,RB,23,8,0,0.0,0.0,0.0,0.25,1.13,4.5,0.0,0.13,0.13,0.88,0.0,0.0,0.0,0.33,
John Ross,CIN,WR,25,3,1,0.0,0.0,0.0,0.0,0.0,,0.0,2.33,0.67,5.67,0.0,0.0,0.0,1.23,
Eric Saubert,JAX,TE,26,8,4,0.0,0.0,0.0,0.0,0.0,,0.0,0.5,0.38,2.0,0.0,0.0,0.0,0.57,
Jaleel Scott,NYJ,WR,25,1,1,0.0,0.0,0.0,0.0,0.0,,0.0,1.0,1.0,16.0,0.0,0.0,0.0,2.6,
Tommy Stevens,CAR,QB,24,1,0,0.0,0.0,0.0,4.0,24.0,6.0,0.0,0.0,0.0,0.0,0.0,0.0,0.0,2.4,
Dwayne Washington,NOR,RB,26,11,0,0.0,0.0,0.0,0.73,1.36,1.88,0.0,0.0,0.0,0.0,0.0,0.0,0.0,0.14,
Jameis Winston,NOR,QB,26,4,0,18.8,0.0,0.0,2.0,-1.5,-0.75,0.0,0.0,0.0,0.0,0.0,0.0,0.0,0.6,
Nick Bellore,SEA,RB,31,16,0,0.0,0.0,0.0,0.06,0.31,5.0,0.0,0.06,0.06,0.56,0.0,0.0,0.0,0.15,
Tyler Bray,CHI,QB,29,1,0,18.0,0.0,0.0,0.0,0.0,,0.0,0.0,0.0,0.0,0.0,0.0,0.0,0.7,
Jake Butt,DEN,TE,25,5,1,0.0,0.0,0.0,0.0,0.0,,0.0,0.8,0.4,1.0,0.0,0.0,0.0,0.5,
Derek Carrier,LVR,TE,30,16,0,0.0,0.0,0.0,0.0,0.0,,0.0,0.06,0.06,0.88,0.0,0.0,0.0,0.15,
Chandler Cox,MIA,RB,24,8,3,0.0,0.0,0.0,0.0,0.0,,0.0,0.25,0.25,1.13,0.0,0.0,0.0,0.36,
Josiah Deguara,GNB,TE,23,2,1,0.0,0.0,0.0,0.0,0.0,,0.0,1.0,0.5,6.0,0.0,0.0,0.0,1.1,
Gehrig Dieter,KAN,WR,27,4,0,0.0,0.0,0.0,0.0,0.0,,0.0,0.5,0.25,2.5,0.0,0.0,0.0,0.5,
Brandon Dillon,MIN,TE,23,3,0,0.0,0.0,0.0,0.0,0.0,,0.0,0.33,0.33,2.0,0.0,0.0,0.0,0.53,
D.J. Foster,ARI,RB,27,10,0,0.0,0.0,0.0,0.2,0.2,1.0,0.0,0.1,0.1,0.7,0.0,0.0,0.0,0.19,
Bennie Fowler,NOR,WR,29,5,0,0.0,0.0,0.0,0.0,0.0,,0.0,1.2,0.4,2.2,0.0,0.0,0.0,0.62,
Cullen Gillaspia,HOU,RB,25,7,0,0.0,0.0,0.0,0.0,0.0,,0.0,0.14,0.14,0.86,0.0,0.0,0.0,0.23,
Temarrick Hemingway,WAS,TE,27,8,0,0.0,0.0,0.0,0.0,0.0,,0.0,0.25,0.13,1.25,0.0,0.0,0.0,0.25,
Cody Hollister,TEN,WR,27,2,0,0.0,0.0,0.0,0.0,0.0,,0.0,0.5,0.5,6.0,0.0,0.0,0.0,1.1,
Trenton Irwin,CIN,WR,25,1,0,0.0,0.0,0.0,0.0,0.0,,0.0,2.0,1.0,5.0,0.0,0.0,0.0,1.5,
Blake Jarwin,DAL,TE,26,1,1,0.0,0.0,0.0,0.0,0.0,,0.0,1.0,1.0,12.0,0.0,0.0,0.0,2.2,
Tony Jones,NOR,RB,23,1,1,0.0,0.0,0.0,3.0,13.0,4.33,0.0,0.0,0.0,0.0,0.0,0.0,0.0,1.3,
Marcus Kemp,2TM,WR,25,11,0,0.0,0.0,0.0,0.0,0.0,,0.0,0.09,0.09,1.0,0.0,0.0,0.0,0.19,
Keith Kirkwood,CAR,WR,26,1,0,0.0,0.0,0.0,0.0,0.0,,0.0,2.0,1.0,13.0,0.0,0.0,0.0,2.3,
John Lovett,GNB,TE,24,8,0,0.0,0.0,0.0,0.38,0.75,2.0,0.0,0.0,0.0,0.0,0.0,0.0,0.0,0.07,
A.J. McCarron,HOU,QB,30,2,0,10.0,0.0,0.0,0.0,0.0,,0.0,0.0,0.0,0.0,0.0,0.0,0.0,0.4,
Lamar Miller,CHI,RB,29,1,0,0.0,0.0,0.0,0.0,0.0,,0.0,2.0,2.0,6.0,0.0,0.0,0.0,2.6,
Senorise Perry,TEN,RB,29,7,0,0.0,0.0,0.0,0.29,1.29,4.5,0.0,0.0,0.0,0.0,0.0,0.0,0.0,0.13,
James Proche,BAL,WR,24,14,0,0.0,0.0,0.0,0.0,0.0,,0.0,0.21,0.07,1.0,0.0,0.0,0.0,0.17,
Craig Reynolds,JAX,RB,24,2,0,0.0,0.0,0.0,0.5,2.0,4.0,0.0,0.5,0.5,1.5,0.0,0.0,0.0,0.85,
Geno Smith,SEA,QB,30,1,0,33.0,0.0,0.0,2.0,-2.0,-1.0,0.0,0.0,0.0,0.0,0.0,0.0,0.0,1.1,
Vyncint Smith,NYJ,WR,24,7,0,0.0,0.0,0.0,0.0,0.0,,0.0,0.43,0.14,1.86,0.0,0.0,0.0,0.33,
Jeremy Sprinkle,WAS,TE,26,16,6,0.0,0.0,0.0,0.0,0.0,,0.0,0.19,0.06,0.38,0.0,0.0,0.0,0.1,
Trevon Wesco,NYJ,TE,25,12,4,0.0,0.0,0.0,0.08,0.0,0.0,0.0,0.17,0.08,0.42,0.0,0.0,0.0,0.13,
Dexter Williams,GNB,RB,23,3,0,0.0,0.0,0.0,0.67,2.67,4.0,0.0,0.0,0.0,0.0,0.0,0.0,0.0,0.27,
Jonathan Williams,DET,RB,26,5,0,0.0,0.0,0.0,0.2,1.0,5.0,0.0,0.8,0.8,4.2,0.0,0.2,0.0,0.92,
Luke Willson,2TM,TE,30,8,0,0.0,0.0,0.0,0.0,0.0,,0.0,0.38,0.13,1.5,0.0,0.0,0.0,0.28,
Logan Woodside,TEN,QB,25,6,0,1.17,0.0,0.0,1.17,1.67,1.43,0.0,0.0,0.0,0.0,0.0,0.0,0.0,0.22,
Antony Auclair,TAM,,27,8,2,0.0,0.0,0.0,0.0,0.0,,0.0,0.13,0.0,0.0,0.0,0.0,0.0,,
Tavon Austin,GNB,WR,30,4,0,0.0,0.0,0.0,0.0,0.0,,0.0,1.25,1.25,5.0,0.0,0.25,0.0,1.25,
Alex Bachman,NYG,,24,1,0,0.0,0.0,0.0,0.0,0.0,,0.0,0.0,0.0,0.0,0.0,0.0,0.0,,
Jeff Badet,WAS,,26,3,0,0.0,0.0,0.0,0.0,0.0,,0.0,0.33,0.0,0.0,0.0,0.0,0.0,,
Jake Bargas,MIN,,24,1,0,0.0,0.0,0.0,0.0,0.0,,0.0,0.0,0.0,0.0,0.0,0.0,0.0,,
Kenjon Barner,TAM,,31,6,0,0.0,0.0,0.0,0.0,0.0,,0.0,0.17,0.0,0.0,0.0,0.0,0.0,,
Marcus Baugh,WAS,TE,26,8,1,0.0,0.0,0.0,0.0,0.0,,0.0,0.13,0.13,0.25,0.0,0.0,0.0,0.15,
Evan Baylis,ARI,,27,5,1,0.0,0.0,0.0,0.0,0.0,,0.0,0.0,0.0,0.0,0.0,0.0,0.0,,
Andrew Beck,DEN,,24,10,0,0.0,0.0,0.0,0.0,0.0,,0.0,0.0,0.0,0.0,0.0,0.0,0.0,,
Nate Becker,BUF,,24,1,0,0.0,0.0,0.0,0.0,0.0,,0.0,0.0,0.0,0.0,0.0,0.0,0.0,,
Reggie Begelton,GNB,,27,1,0,0.0,0.0,0.0,0.0,0.0,,0.0,0.0,0.0,0.0,0.0,0.0,0.0,,
Rashod Berry,NWE,,24,3,0,0.0,0.0,0.0,0.0,0.0,,0.0,0.0,0.0,0.0,0.0,0.0,0.0,,
Darius Bradwell,LAC,,23,2,0,0.0,0.0,0.0,0.0,0.0,,0.0,0.0,0.0,0.0,0.0,0.0,0.0,,
Tony Brooks-James,ATL,RB,26,1,0,0.0,0.0,0.0,3.0,4.0,1.33,0.0,0.0,0.0,0.0,0.0,0.0,0.0,0.4,
Fred Brown,DEN,,27,1,0,0.0,0.0,0.0,0.0,0.0,,0.0,0.0,0.0,0.0,0.0,0.0,0.0,,
Tony Brown,WAS,,23,1,0,0.0,0.0,0.0,0.0,0.0,,0.0,0.0,0.0,0.0,0.0,0.0,0.0,,
Deante Burton,DAL,,26,4,0,0.0,0.0,0.0,0.0,0.0,,0.0,0.0,0.0,0.0,0.0,0.0,0.0,,
Hakeem Butler,PHI,,24,2,0,0.0,0.0,0.0,0.0,0.0,,0.0,0.5,0.0,0.0,0.0,0.0,0.0,,
Deon Cain,PIT,,24,2,0,0.0,0.0,0.0,0.0,0.0,,0.0,0.0,0.0,0.0,0.0,0.0,0.0,,
Raymond Calais,LAR,,22,4,0,0.0,0.0,0.0,0.0,0.0,,0.0,0.0,0.0,0.0,0.0,0.0,0.0,,
Dan Chisena,MIN,,23,14,0,0.0,0.0,0.0,0.0,0.0,,0.0,0.0,0.0,0.0,0.0,0.0,0.0,,
Matt Cole,SFO,,24,1,0,0.0,0.0,0.0,0.0,0.0,,0.0,0.0,0.0,0.0,0.0,0.0,0.0,,
Nathan Cottrell,JAX,,24,8,0,0.0,0.0,0.0,0.0,0.0,,0.0,0.0,0.0,0.0,0.0,0.0,0.0,,
Isaiah Coulter,HOU,,22,1,0,0.0,0.0,0.0,0.0,0.0,,0.0,0.0,0.0,0.0,0.0,0.0,0.0,,
Jeremy Cox,DEN,,24,7,1,0.0,0.0,0.0,0.0,0.0,,0.0,0.0,0.0,0.0,0.0,0.0,0.0,,
Sean Culkin,BAL,,27,1,0,0.0,0.0,0.0,0.0,0.0,,0.0,0.0,0.0,0.0,0.0,0.0,0.0,,
Tyler Davis,JAX,,23,8,0,0.0,0.0,0.0,0.0,0.0,,0.0,0.25,0.0,0.0,0.0,0.0,0.0,,
Seth Devalve,ARI,,27,4,0,0.0,0.0,0.0,0.0,0.0,,0.0,0.25,0.0,0.0,0.0,0.0,0.0,,
Keelan Doss,LVR,,24,1,0,0.0,0.0,0.0,0.0,0.0,,0.0,0.0,0.0,0.0,0.0,0.0,0.0,,
Trey Edmunds,PIT,,26,4,0,0.0,0.0,0.0,0.0,0.0,,0.0,0.0,0.0,0.0,0.0,0.0,0.0,,
Rico Gafford,LVR,,24,3,0,0.0,0.0,0.0,0.0,0.0,,0.0,0.67,0.0,0.0,0.0,0.0,0.0,,
Zach Gentry,PIT,,24,2,1,0.0,0.0,0.0,0.0,0.0,,0.0,0.0,0.0,0.0,0.0,0.0,0.0,,
Cyril Grayson,TAM,,27,3,0,0.0,0.0,0.0,0.0,0.0,,0.0,1.0,0.0,0.0,0.0,0.0,0.0,,
Farrod Green,IND,,23,1,0,0.0,0.0,0.0,0.0,0.0,,0.0,0.0,0.0,0.0,0.0,0.0,0.0,,
Garrett Griffin,NOR,,26,4,3,0.0,0.0,0.0,0.0,0.0,,0.0,0.0,0.0,0.0,0.0,0.0,0.0,,
Justin Hardee,NOR,,26,10,0,0.0,0.0,0.0,0.0,0.0,,0.0,0.0,0.0,0.0,0.0,0.0,0.0,,
Clark Harris,CIN,,36,16,0,0.0,0.0,0.0,0.0,0.0,,0.0,0.0,0.0,0.0,0.0,0.0,0.0,,
Daniel Helm,SFO,,25,5,0,0.0,0.0,0.0,0.0,0.0,,0.0,0.0,0.0,0.0,0.0,0.0,0.0,,
Hale Hentges,MIN,,24,1,0,0.0,0.0,0.0,0.0,0.0,,0.0,0.0,0.0,0.0,0.0,0.0,0.0,,
J.P. Holtz,CHI,,27,16,1,0.0,0.0,0.0,0.0,0.0,,0.0,0.06,0.0,0.0,0.0,0.0,0.0,,
Johnny Holton,NYG,,30,1,0,0.0,0.0,0.0,0.0,0.0,,0.0,0.0,0.0,0.0,0.0,0.0,0.0,,
Brycen Hopkins,LAR,,23,5,0,0.0,0.0,0.0,0.0,0.0,,0.0,0.0,0.0,0.0,0.0,0.0,0.0,,
Taiwan Jones,BUF,,32,13,0,0.0,0.0,0.0,0.0,0.0,,0.0,0.15,0.0,0.0,0.0,0.0,0.0,,
Xavier Jones,LAR,,23,13,0,0.0,0.0,0.0,0.0,0.0,,0.0,0.0,0.0,0.0,0.0,0.0,0.0,,
Javon Leake,WAS,,22,1,0,0.0,0.0,0.0,0.0,0.0,,0.0,0.0,0.0,0.0,0.0,0.0,0.0,,
Jordan Matthews,SFO,,28,2,0,0.0,0.0,0.0,0.0,0.0,,0.0,0.0,0.0,0.0,0.0,0.0,0.0,,
Sean McKeon,DAL,,23,14,1,0.0,0.0,0.0,0.0,0.0,,0.0,0.0,0.0,0.0,0.0,0.0,0.0,,
Kirk Merritt,MIA,,23,1,0,0.0,0.0,0.0,0.0,0.0,,0.0,0.0,0.0,0.0,0.0,0.0,0.0,,
Marken Michel,CAR,,27,2,0,0.0,0.0,0.0,0.0,0.0,,0.0,0.0,0.0,0.0,0.0,0.0,0.0,,
Bruce Miller,JAX,RB,33,8,5,0.0,0.0,0.0,0.0,0.0,,0.0,0.25,0.13,0.25,0.0,0.0,0.0,0.15,
Chris Moore,BAL,,27,3,0,0.0,0.0,0.0,0.0,0.0,,0.0,0.0,0.0,0.0,0.0,0.0,0.0,,
Jason Moore,LAC,,25,2,0,0.0,0.0,0.0,0.0,0.0,,0.0,0.0,0.0,0.0,0.0,0.0,0.0,,
Stanley Morgan Jr.,CIN,,24,6,0,0.0,0.0,0.0,0.0,0.0,,0.0,0.0,0.0,0.0,0.0,0.0,0.0,,
Chris Myarick,MIA,,25,3,0,0.0,0.0,0.0,0.0,0.0,,0.0,0.0,0.0,0.0,0.0,0.0,0.0,,
Jojo Natson,CLE,WR,26,3,0,0.0,0.0,0.0,0.33,1.0,3.0,0.0,0.0,0.0,0.0,0.0,0.0,0.0,0.1,
Isaac Nauta,DET,TE,23,7,0,0.0,0.0,0.0,0.0,0.0,,0.0,0.29,0.14,0.43,0.0,0.0,0.0,0.19,
Qadree Ollison,ATL,RB,24,3,0,0.0,0.0,0.0,0.33,1.0,3.0,0.0,0.0,0.0,0.0,0.0,0.0,0.0,0.1,
Sewo Olonilua,DAL,,23,2,0,0.0,0.0,0.0,0.0,0.0,,0.0,0.0,0.0,0.0,0.0,0.0,0.0,,
K.J. Osborn,MIN,,23,9,0,0.0,0.0,0.0,0.0,0.0,,0.0,0.0,0.0,0.0,0.0,0.0,0.0,,
Dezmon Patmon,IND,,22,1,0,0.0,0.0,0.0,0.0,0.0,,0.0,0.0,0.0,0.0,0.0,0.0,0.0,,
Trey Quinn,JAX,,25,1,0,0.0,0.0,0.0,0.0,0.0,,0.0,0.0,0.0,0.0,0.0,0.0,0.0,,
Kevin Rader,PIT,,25,1,1,0.0,0.0,0.0,0.0,0.0,,0.0,1.0,0.0,0.0,0.0,0.0,0.0,,
Chris Rowland,ATL,,23,2,0,0.0,0.0,0.0,0.0,0.0,,0.0,0.0,0.0,0.0,0.0,0.0,0.0,,
Matt Schaub,ATL,QB,39,1,0,0.0,0.0,0.0,3.0,-4.0,-1.33,0.0,0.0,0.0,0.0,0.0,0.0,0.0,-0.4,
Mason Schreck,CIN,,27,14,1,0.0,0.0,0.0,0.0,0.0,,0.0,0.07,0.0,0.0,0.0,0.0,0.0,,
Ricky Seals-Jones,KAN,,25,2,0,0.0,0.0,0.0,0.0,0.0,,0.0,0.5,0.0,0.0,0.0,0.0,0.0,,
Tajae Sharpe,MIN,,26,4,0,0.0,0.0,0.0,0.0,0.0,,0.0,0.75,0.0,0.0,0.0,0.0,0.0,,
Matthew Slater,NWE,,35,16,0,0.0,0.0,0.0,0.0,0.0,,0.0,0.0,0.0,0.0,0.0,0.0,0.0,,
Wendell Smallwood,PIT,,26,1,0,0.0,0.0,0.0,0.0,0.0,,0.0,0.0,0.0,0.0,0.0,0.0,0.0,,
Matt Sokol,LAC,,25,2,0,0.0,0.0,0.0,0.0,0.0,,0.0,0.0,0.0,0.0,0.0,0.0,0.0,,
Easton Stick,LAC,QB,25,1,0,4.0,0.0,0.0,1.0,-2.0,-2.0,0.0,0.0,0.0,0.0,0.0,0.0,0.0,,
Stephen Sullivan,SEA,,24,1,0,0.0,0.0,0.0,0.0,0.0,,0.0,0.0,0.0,0.0,0.0,0.0,0.0,,
Taywan Taylor,CLE,,25,3,0,0.0,0.0,0.0,0.0,0.0,,0.0,0.33,0.0,0.0,0.0,0.0,0.0,,
Noah Togiai,IND,,23,4,0,0.0,0.0,0.0,0.0,0.0,,0.0,0.25,0.0,0.0,0.0,0.0,0.0,,
Eric Tomlinson,2TM,,28,7,2,0.0,0.0,0.0,0.0,0.0,,0.0,0.14,0.0,0.0,0.0,0.0,0.0,,
Ross Travis,NYJ,,27,1,0,0.0,0.0,0.0,0.0,0.0,,0.0,0.0,0.0,0.0,0.0,0.0,0.0,,
Malik Turner,DAL,,24,6,0,0.0,0.0,0.0,0.0,0.0,,0.0,0.0,0.0,0.0,0.0,0.0,0.0,,
Michael Warren,WAS,,22,1,0,0.0,0.0,0.0,0.0,0.0,,0.0,0.0,0.0,0.0,0.0,0.0,0.0,,
Derek Watt,PIT,,28,12,0,0.0,0.0,0.0,0.0,0.0,,0.0,0.0,0.0,0.0,0.0,0.0,0.0,,
Joe Webb,NYG,,34,2,0,0.0,0.0,0.0,0.0,0.0,,0.0,0.0,0.0,0.0,0.0,0.0,0.0,,
Kevin White,SFO,,28,3,0,0.0,0.0,0.0,0.0,0.0,,0.0,0.0,0.0,0.0,0.0,0.0,0.0,,
Kristian Wilkerson,NWE,,23,1,0,0.0,0.0,0.0,0.0,0.0,,0.0,0.0,0.0,0.0,0.0,0.0,0.0,,
Derrick Willies,CLE,,26,1,0,0.0,0.0,0.0,0.0,0.0,,0.0,0.0,0.0,0.0,0.0,0.0,0.0,,
Duke Williams,BUF,,28,1,0,0.0,0.0,0.0,0.0,0.0,,0.0,0.0,0.0,0.0,0.0,0.0,0.0,,
Caleb Wilson,PHI,,24,5,0,0.0,0.0,0.0,0.0,0.0,,0.0,0.0,0.0,0.0,0.0,0.0,0.0,,
Juwann Winfree,GNB,,24,2,0,0.0,0.0,0.0,0.0,0.0,,0.0,0.0,0.0,0.0,0.0,0.0,0.0,,
Tim Boyle,GNB,QB,26,8,0,0.0,0.0,0.0,1.63,-1.13,-0.69,0.0,0.0,0.0,0.0,0.0,0.0,0.0,-0.11,
DeAndre Carter,2TM,WR,27,13,0,0.0,0.0,0.0,0.0,0.0,,0.0,0.15,0.08,0.62,0.0,0.08,0.0,-0.02,
Adrian Killins,PHI,RB,22,1,0,0.0,0.0,0.0,1.0,-12.0,-12.0,0.0,1.0,1.0,2.0,0.0,0.0,0.0,,
Andre Roberts,BUF,WR,32,15,0,0.0,0.0,0.0,0.07,-0.2,-3.0,0.0,0.33,0.27,2.27,0.0,0.13,0.0,0.21,
Dwayne Harris,CHI,,33,3,0,0.0,0.0,0.0,0.0,0.0,,0.0,0.0,0.0,0.0,0.0,0.33,0.0,-0.67,
Nate Sudfeld,PHI,QB,27,1,0,32.0,0.0,1.0,2.0,12.0,6.0,0.0,0.0,0.0,0.0,0.0,1.0,0.0,-1.5,
Nsimba Webster,LAR,,24,16,0,0.0,0.0,0.0,0.0,0.0,,0.0,0.0,0.0,0.0,0.0,0.06,0.0,-0.13,
Dede Westbrook,JAX,WR,27,2,0,0.0,0.0,0.0,0.0,0.0,,0.0,0.5,0.5,2.0,0.0,0.5,0.0,-0.3,
Kendall Hinton,DEN,WR,23,1,0,13.0,0.0,2.0,2.0,7.0,3.5,0.0,0.0,0.0,0.0,0.0,0.0,0.0,-2.8,
